{
"type": "FeatureCollection",
"name": "gangnam_seocho",
"crs": { "type": "name", "properties": { "name": "urn:ogc:def:crs:OGC:1.3:CRS84" } },
"features": [
{ "type": "Feature", "properties": { "ADM_SECT_C": "11680", "SGG_NM": "강남구", "SGG_OID": 65, "COL_ADM_SE": "11680" }, "geometry": { "type": "MultiPolygon", "coordinates": [ [ [ [ 127.076923921526259, 37.475242127433233 ], [ 127.0767292222219, 37.474901456335928 ], [ 127.076505471029193, 37.474493174083598 ], [ 127.075949707120685, 37.47400541630234 ], [ 127.075366774736054, 37.473495922639692 ], [ 127.074865606294082, 37.473252234227225 ], [ 127.07422561083321, 37.472989329698699 ], [ 127.073854444996684, 37.472982394520642 ], [ 127.073398380416492, 37.472574302285921 ], [ 127.072688662258997, 37.471994810338913 ], [ 127.071901022594702, 37.471922958587676 ], [ 127.071743958310464, 37.471768394866615 ], [ 127.071351499531332, 37.47157777698488 ], [ 127.070747843996131, 37.471416339062522 ], [ 127.070409563213204, 37.471092734265063 ], [ 127.070168941786122, 37.471037976179709 ], [ 127.069931187117646, 37.470990207728569 ], [ 127.069656241836853, 37.471105289538542 ], [ 127.068590729367784, 37.47106131749505 ], [ 127.068400882245555, 37.470897271334124 ], [ 127.067890532483418, 37.470465365867732 ], [ 127.067321148893413, 37.470333426036497 ], [ 127.067229033266585, 37.470312078468112 ], [ 127.066468196434201, 37.470174762730224 ], [ 127.066267417397171, 37.469936503478536 ], [ 127.065941442429192, 37.469840760827104 ], [ 127.065677780880151, 37.469590073947629 ], [ 127.06550457490934, 37.469521790714609 ], [ 127.065113341410665, 37.469370552248449 ], [ 127.064882507453987, 37.469342483853382 ], [ 127.064519922378921, 37.46928711283892 ], [ 127.064187234400677, 37.469241527777179 ], [ 127.063865896954354, 37.46903343080448 ], [ 127.063246588331083, 37.469078905220314 ], [ 127.062880720988517, 37.469250655842259 ], [ 127.062605600097896, 37.469377668680494 ], [ 127.062422671227708, 37.469359535804109 ], [ 127.062152869992886, 37.469118349785681 ], [ 127.061850101076772, 37.469080158045244 ], [ 127.061656067720207, 37.468999761298576 ], [ 127.061040514548225, 37.46899264868857 ], [ 127.060918482861382, 37.468917584420893 ], [ 127.060414344522158, 37.46909783923973 ], [ 127.059994228616191, 37.469075477743104 ], [ 127.05973846324224, 37.469109382652405 ], [ 127.059109681412011, 37.469158597240124 ], [ 127.058727183690223, 37.468851369650331 ], [ 127.057808047996417, 37.46884549501889 ], [ 127.057186334202058, 37.468943115937236 ], [ 127.056992972012523, 37.46876941229749 ], [ 127.056591368161563, 37.468429309117312 ], [ 127.056117774963525, 37.468372531398686 ], [ 127.055632306578971, 37.468620242376943 ], [ 127.055537139881039, 37.468671363811545 ], [ 127.055370275809992, 37.468761008736799 ], [ 127.055056294180474, 37.468796641937338 ], [ 127.054937198139896, 37.468564921676744 ], [ 127.054581367871918, 37.468310800756889 ], [ 127.054237497967463, 37.468054204668555 ], [ 127.053771082100056, 37.468022894722353 ], [ 127.053587416612274, 37.468010559962948 ], [ 127.053313170555853, 37.468127432541444 ], [ 127.05321081132422, 37.468076876996321 ], [ 127.05307849763723, 37.46801153094524 ], [ 127.052909779713147, 37.467971239475361 ], [ 127.051968148149228, 37.467745601425364 ], [ 127.051327281476333, 37.46742623319998 ], [ 127.051065810465602, 37.467324890095306 ], [ 127.050798566731117, 37.467245154888985 ], [ 127.050773165811279, 37.467398732565826 ], [ 127.050951664600618, 37.46758451708741 ], [ 127.051119898386787, 37.468537420162868 ], [ 127.051050370016895, 37.469364840880473 ], [ 127.050445991463761, 37.469734278835105 ], [ 127.050307738429083, 37.469680059551827 ], [ 127.050156064842881, 37.469709134388495 ], [ 127.050113509408703, 37.46971728795765 ], [ 127.049826700850531, 37.469776709602172 ], [ 127.049522393812666, 37.469837804516267 ], [ 127.049236409400763, 37.469861436537101 ], [ 127.048859203640106, 37.469892672875275 ], [ 127.048669169433893, 37.470059344382591 ], [ 127.049060932187004, 37.470343183670636 ], [ 127.049128562892051, 37.4703910898183 ], [ 127.049404292477675, 37.470591902141521 ], [ 127.049605377583234, 37.470735800807255 ], [ 127.04980849710671, 37.470877896289167 ], [ 127.050013877018529, 37.471018008283558 ], [ 127.050221178237891, 37.471156227018867 ], [ 127.05061790708298, 37.471410235837389 ], [ 127.051181463745436, 37.47178860184524 ], [ 127.050900105841237, 37.471809983433985 ], [ 127.049843327793837, 37.472829454766341 ], [ 127.049800170336695, 37.472871098744498 ], [ 127.049209631440391, 37.473440952597983 ], [ 127.049166473280195, 37.473482596340858 ], [ 127.048979265674831, 37.473663142550741 ], [ 127.048718506749211, 37.47391471688173 ], [ 127.048532878724444, 37.47409373003601 ], [ 127.048489606763894, 37.474135373572501 ], [ 127.047589472674716, 37.475003844051912 ], [ 127.047517388706211, 37.475073339437273 ], [ 127.046740274657793, 37.475823003231703 ], [ 127.046552038503023, 37.476004537023528 ], [ 127.046069015501217, 37.476470538388327 ], [ 127.046009851354114, 37.476598322819967 ], [ 127.045974285107889, 37.47667528180969 ], [ 127.045923892021975, 37.476723954886481 ], [ 127.045770000567813, 37.476872497807996 ], [ 127.045641079253244, 37.476996884341638 ], [ 127.045609207126063, 37.477012393478887 ], [ 127.045551452954086, 37.477040436187707 ], [ 127.045403846213063, 37.477112120786224 ], [ 127.04535774610477, 37.477156647413054 ], [ 127.045311308250959, 37.477203696953147 ], [ 127.045267923858063, 37.477252547348655 ], [ 127.045227592824006, 37.477303018402516 ], [ 127.045190315099987, 37.477355020017534 ], [ 127.045156429801494, 37.477408461971173 ], [ 127.045125823722088, 37.477463074007346 ], [ 127.045098609974602, 37.477518946187104 ], [ 127.044879563944704, 37.478004126363196 ], [ 127.044856417166571, 37.478055401878528 ], [ 127.044836996357759, 37.478098296702903 ], [ 127.044651030425243, 37.478510302906301 ], [ 127.044343905402172, 37.479190490962594 ], [ 127.04422726415477, 37.479448760345953 ], [ 127.044061356709904, 37.479816149672303 ], [ 127.044004706393679, 37.479941598528512 ], [ 127.043543780326161, 37.480167284133763 ], [ 127.043888944611723, 37.480560177852325 ], [ 127.043862403111603, 37.480608841463116 ], [ 127.043546631821954, 37.481221274979745 ], [ 127.043511035399519, 37.481252732594768 ], [ 127.043506856398707, 37.481260302494 ], [ 127.043437056520602, 37.481388269514454 ], [ 127.043411982715057, 37.48143422949164 ], [ 127.043358212794629, 37.481518492197893 ], [ 127.043317772352239, 37.481581937026164 ], [ 127.043283544681117, 37.48163546862623 ], [ 127.043212491188697, 37.481746857519674 ], [ 127.04313646713419, 37.481866086833065 ], [ 127.043155746959854, 37.481973119027408 ], [ 127.043159253916798, 37.481976811897937 ], [ 127.043037514239771, 37.48223102727593 ], [ 127.043062968482644, 37.482258679075379 ], [ 127.042951044272755, 37.482271602698333 ], [ 127.0429259750955, 37.48232702307989 ], [ 127.042880692245788, 37.482426869907542 ], [ 127.042782447349722, 37.482643685215727 ], [ 127.042745520805596, 37.482725418938443 ], [ 127.042577599534525, 37.483096239497492 ], [ 127.042490306864934, 37.483288903895378 ], [ 127.042411822263261, 37.483462373845832 ], [ 127.042271113506857, 37.483772997615851 ], [ 127.042248075989832, 37.483823822032271 ], [ 127.042126677035384, 37.484092091895036 ], [ 127.041985064897105, 37.484409202810681 ], [ 127.041931874479602, 37.484526711570965 ], [ 127.041879700225309, 37.484641877354854 ], [ 127.041829106842997, 37.484753528669685 ], [ 127.041752877700219, 37.484921771563769 ], [ 127.041684214728633, 37.485073343311811 ], [ 127.041653045284079, 37.48514219038703 ], [ 127.04160787047401, 37.485238973239341 ], [ 127.04171287485498, 37.485385890836092 ], [ 127.041749987972935, 37.48543670367318 ], [ 127.039502538968165, 37.485127007665106 ], [ 127.039471454871787, 37.485122710869035 ], [ 127.038544202871932, 37.484994531341997 ], [ 127.038285037203508, 37.484957409938843 ], [ 127.038155782873659, 37.484939907598431 ], [ 127.038108280559996, 37.484933173820536 ], [ 127.037928922919093, 37.484907712877764 ], [ 127.037903119492796, 37.484904053752253 ], [ 127.037888736509856, 37.484902003898078 ], [ 127.037866766201347, 37.484898712995069 ], [ 127.037687611565502, 37.484871846061559 ], [ 127.037555247280253, 37.484852406863489 ], [ 127.037527781641415, 37.484848369742451 ], [ 127.03750988205482, 37.484845744273152 ], [ 127.037476276513772, 37.484840808009224 ], [ 127.037462209737484, 37.484837920075805 ], [ 127.034370574923486, 37.484408051507209 ], [ 127.034087103352931, 37.484368666134664 ], [ 127.034005205411361, 37.484540239311663 ], [ 127.031611247669915, 37.489554492333056 ], [ 127.027600982304193, 37.497952403377212 ], [ 127.024484531512911, 37.504477271645676 ], [ 127.021326281266056, 37.5111011672033 ], [ 127.020515066719355, 37.512798688703747 ], [ 127.019524697157706, 37.51611198859279 ], [ 127.017822115758094, 37.521811575708576 ], [ 127.016939564175743, 37.523024163742043 ], [ 127.016165395259904, 37.523848402632623 ], [ 127.015601016118822, 37.524450155823715 ], [ 127.015230703835485, 37.524845015430856 ], [ 127.014953336649, 37.524568378759227 ], [ 127.014682369897798, 37.524266080369088 ], [ 127.014528343307191, 37.524098629472064 ], [ 127.014365014345472, 37.523906690332886 ], [ 127.014234213246027, 37.523736740756711 ], [ 127.014161563077053, 37.523660254063586 ], [ 127.014114405554892, 37.523617038362083 ], [ 127.014063354127103, 37.523558983663811 ], [ 127.013985997532274, 37.523477640995829 ], [ 127.013863064575375, 37.523334539823992 ], [ 127.013741617751137, 37.523214377706687 ], [ 127.013525822977201, 37.523003107436843 ], [ 127.013485738755023, 37.522974351734902 ], [ 127.013435214698546, 37.522954516926703 ], [ 127.013385704310281, 37.522906471831462 ], [ 127.013301025920768, 37.52279882938732 ], [ 127.013250243878844, 37.522719718041216 ], [ 127.013187292221957, 37.522582736942617 ], [ 127.012692846353616, 37.522903088605382 ], [ 127.012576125891584, 37.522980621228285 ], [ 127.012508597806729, 37.523025470067907 ], [ 127.012328691442235, 37.523139786935275 ], [ 127.012117417873398, 37.523272306449996 ], [ 127.011025570512373, 37.523995105668526 ], [ 127.009892888037726, 37.52473416056889 ], [ 127.009142685925966, 37.525223172362971 ], [ 127.008888563667256, 37.525396404775478 ], [ 127.008611747555932, 37.525576593682118 ], [ 127.0085945307668, 37.52558916359402 ], [ 127.008978637191191, 37.525982226002405 ], [ 127.009352023567857, 37.52638011717886 ], [ 127.009640769768041, 37.526665073308799 ], [ 127.009885981946709, 37.526913937963478 ], [ 127.011348998894107, 37.528596342522569 ], [ 127.011775124126601, 37.529029414299487 ], [ 127.012411062912037, 37.529717527817077 ], [ 127.013650950352741, 37.528600957807832 ], [ 127.013215018991175, 37.529106180341564 ], [ 127.012656260562423, 37.529739588317163 ], [ 127.012941948722485, 37.530057323680658 ], [ 127.01311621583686, 37.53024671369851 ], [ 127.013374953840767, 37.5305308255288 ], [ 127.013539062485336, 37.530713134112943 ], [ 127.013688201277546, 37.53087792868164 ], [ 127.014046985557869, 37.531273328451547 ], [ 127.014372810052905, 37.531628474285704 ], [ 127.014895626438971, 37.532207232748661 ], [ 127.015531715781336, 37.53243507439629 ], [ 127.017741461454605, 37.53425093356698 ], [ 127.020651537778789, 37.535591969121462 ], [ 127.021172212125506, 37.535823447919988 ], [ 127.026829354959787, 37.535834192008515 ], [ 127.032486499134365, 37.535844385807785 ], [ 127.038143644787709, 37.535854596943302 ], [ 127.0396636634662, 37.535857269249135 ], [ 127.040265143902658, 37.53570772479496 ], [ 127.041040246829439, 37.535508852983988 ], [ 127.041911819794436, 37.535285237886121 ], [ 127.04250409159782, 37.535133639910796 ], [ 127.043803631823934, 37.534802796492677 ], [ 127.044948447933052, 37.534543120183564 ], [ 127.046002250554452, 37.534272195654701 ], [ 127.046514007110517, 37.533932777720416 ], [ 127.049467297476127, 37.532269939996183 ], [ 127.055133440447946, 37.528675348437297 ], [ 127.060794457395303, 37.526881402882879 ], [ 127.065464916081211, 37.525087644898591 ], [ 127.06546478010641, 37.52508738368369 ], [ 127.066455181962979, 37.525089113828976 ], [ 127.067517920648939, 37.524632693430938 ], [ 127.067573886491843, 37.522620956380187 ], [ 127.067599028970349, 37.521486814461184 ], [ 127.067618528894144, 37.520907310307436 ], [ 127.067673346966245, 37.519882262005197 ], [ 127.067723553845696, 37.519324337341452 ], [ 127.067803111031481, 37.519198036188911 ], [ 127.067900220781951, 37.518583097068401 ], [ 127.067898006552056, 37.518407539268928 ], [ 127.067895702051928, 37.518308845474834 ], [ 127.067941657351994, 37.51788334233602 ], [ 127.06809419559913, 37.516662947409237 ], [ 127.068270229080298, 37.515373999966975 ], [ 127.068400530516186, 37.514280035511618 ], [ 127.068524204906268, 37.513254811505142 ], [ 127.068625639971657, 37.512407465607573 ], [ 127.068729343500536, 37.511531889976844 ], [ 127.068808360799153, 37.510676654683827 ], [ 127.068868216344498, 37.510299535270654 ], [ 127.068868917703725, 37.510299661010365 ], [ 127.068985291522765, 37.509383244422047 ], [ 127.069096786506279, 37.508477894616149 ], [ 127.069266221415546, 37.507073484835466 ], [ 127.069373796806957, 37.506156063291911 ], [ 127.069589355270764, 37.504305541882495 ], [ 127.069683708787167, 37.503470091048122 ], [ 127.069808011740022, 37.502776268650926 ], [ 127.069814819281149, 37.502738305658291 ], [ 127.069848834588257, 37.502734997344675 ], [ 127.07216496667705, 37.502509529662909 ], [ 127.072571169782847, 37.502471128771177 ], [ 127.072936878838519, 37.502437706460924 ], [ 127.073223510260846, 37.502412809437175 ], [ 127.073450422472916, 37.502393146855994 ], [ 127.073588881193487, 37.502381187310306 ], [ 127.07392788084509, 37.502351778656163 ], [ 127.07420807613083, 37.50232633357929 ], [ 127.074555453227291, 37.502294674483416 ], [ 127.074891861582401, 37.502264534856373 ], [ 127.075249188450485, 37.502231092573638 ], [ 127.075490923735359, 37.502209191354858 ], [ 127.075930146030757, 37.50217046090355 ], [ 127.076073690852638, 37.502156260765879 ], [ 127.076146424783957, 37.502149421313767 ], [ 127.076372437320757, 37.502125068496952 ], [ 127.076760872025758, 37.502089232301124 ], [ 127.076902391547733, 37.502074392737612 ], [ 127.076986999438702, 37.502067031621358 ], [ 127.077820323752164, 37.501785267712052 ], [ 127.078889371656814, 37.501429750215394 ], [ 127.079926496446134, 37.501086110369606 ], [ 127.082114705011563, 37.500361226064939 ], [ 127.082138320936664, 37.500353398293583 ], [ 127.082372818430485, 37.500275977405799 ], [ 127.082780684325641, 37.500139142207722 ], [ 127.083192257742141, 37.500002032736361 ], [ 127.083371720777109, 37.499942244400387 ], [ 127.083537650714035, 37.499886006112312 ], [ 127.083871551058138, 37.49976835568107 ], [ 127.084145539526006, 37.499674208227816 ], [ 127.084211635863412, 37.499650330566006 ], [ 127.084489442177045, 37.499573307626349 ], [ 127.08451377168484, 37.499566947505997 ], [ 127.084672869956108, 37.499521389254447 ], [ 127.084871008120089, 37.49946758614216 ], [ 127.085142581835413, 37.4993904669522 ], [ 127.085283128978872, 37.499351462258382 ], [ 127.085354757280385, 37.499329931640226 ], [ 127.085450602803647, 37.499302941743572 ], [ 127.085864860018802, 37.499187535109307 ], [ 127.087092382422398, 37.498843533984932 ], [ 127.087605428550077, 37.498699776299873 ], [ 127.087789642482548, 37.498646852401613 ], [ 127.088116314722967, 37.498557720855331 ], [ 127.088303366432427, 37.49850481209495 ], [ 127.088584215310433, 37.49842579508303 ], [ 127.088838699524572, 37.498353329134112 ], [ 127.089163557679484, 37.498262330962064 ], [ 127.08923065546287, 37.498246261405143 ], [ 127.089276939045234, 37.498234432958064 ], [ 127.089617077538023, 37.49813677281422 ], [ 127.089706919053683, 37.498113108623507 ], [ 127.090026922430255, 37.498021003470036 ], [ 127.090128540092238, 37.497991320472686 ], [ 127.090300748169156, 37.497944609541065 ], [ 127.09050601819358, 37.497884962145008 ], [ 127.090613957497624, 37.497855733477238 ], [ 127.090778477820365, 37.497811262123271 ], [ 127.090920939050505, 37.497770185981139 ], [ 127.091014292695505, 37.497743193451306 ], [ 127.091086825299314, 37.497724010275654 ], [ 127.091130381611038, 37.497711092960678 ], [ 127.091183683172488, 37.497695933756319 ], [ 127.091254858019312, 37.497676210908551 ], [ 127.091315733553657, 37.497658811413963 ], [ 127.091371059165127, 37.497643569496582 ], [ 127.091498240025572, 37.497610306928927 ], [ 127.091671820710488, 37.497559187066337 ], [ 127.091785196963428, 37.497528700789729 ], [ 127.092032089641265, 37.497458387141798 ], [ 127.092071463447837, 37.497447085471933 ], [ 127.092271973976793, 37.497390862448043 ], [ 127.092460026285181, 37.497337946330354 ], [ 127.092848022457687, 37.497228716247506 ], [ 127.093085191287003, 37.497161182989871 ], [ 127.093315452990353, 37.49709589811021 ], [ 127.093444664158, 37.497059847780513 ], [ 127.093645284916249, 37.497002982628153 ], [ 127.09379735310074, 37.496960210653391 ], [ 127.094017316367527, 37.496898779713653 ], [ 127.094175623460856, 37.496853659769059 ], [ 127.094311852195688, 37.49681428730937 ], [ 127.094439820485761, 37.496779858664567 ], [ 127.094606493831094, 37.496733578282608 ], [ 127.094712392912996, 37.496703176175131 ], [ 127.094794431737427, 37.496682253303462 ], [ 127.095867429576586, 37.496298413588669 ], [ 127.097137631684987, 37.495834233759659 ], [ 127.097746432198292, 37.495507208335333 ], [ 127.097802459571696, 37.495477114363197 ], [ 127.097401466449213, 37.495190255979388 ], [ 127.097440706369525, 37.495181934933115 ], [ 127.098796450411328, 37.494893984272785 ], [ 127.098842186069149, 37.494872241532256 ], [ 127.099010819439997, 37.49479938284086 ], [ 127.099151614147971, 37.494736854349391 ], [ 127.099206496429645, 37.494714031719091 ], [ 127.099233422446488, 37.494706504127592 ], [ 127.099327784755431, 37.494677783275257 ], [ 127.099416515484521, 37.494640327320425 ], [ 127.099470729039979, 37.494616432931998 ], [ 127.09954349414383, 37.494588765960415 ], [ 127.099633010689189, 37.494555724087434 ], [ 127.099761329079683, 37.494508495187077 ], [ 127.099775587195282, 37.494447062202575 ], [ 127.099827689577751, 37.494400094811269 ], [ 127.099881762476457, 37.494389895541175 ], [ 127.099944349758061, 37.494379283703594 ], [ 127.100223500168894, 37.494268056698687 ], [ 127.100354314158707, 37.494218851878749 ], [ 127.100391114004466, 37.494135821021317 ], [ 127.100435619166561, 37.494099203190927 ], [ 127.100453620300087, 37.494089745643997 ], [ 127.100460163082758, 37.494086307357044 ], [ 127.100569238633781, 37.494068286071432 ], [ 127.100987540605331, 37.493878760789769 ], [ 127.100992953854472, 37.493876305513574 ], [ 127.101328099243176, 37.493723753945929 ], [ 127.101422032745134, 37.493680255388036 ], [ 127.101661175909058, 37.49357268982709 ], [ 127.102010780921788, 37.493411375354007 ], [ 127.102402936862958, 37.49323398572443 ], [ 127.102501051943591, 37.493189680845411 ], [ 127.102638563973443, 37.493129025069642 ], [ 127.102924450766267, 37.492996828648394 ], [ 127.103118881269765, 37.492907949187355 ], [ 127.103305169447793, 37.492818878200517 ], [ 127.103375942696175, 37.492775641304689 ], [ 127.103511867856525, 37.492704966761359 ], [ 127.103942019056944, 37.492409580324846 ], [ 127.104308547315156, 37.492153585326733 ], [ 127.104496392313635, 37.492023074120816 ], [ 127.104597727631841, 37.491954356603728 ], [ 127.105187079071342, 37.491542741786496 ], [ 127.106113598215799, 37.490900431320036 ], [ 127.106210097250198, 37.490836239709544 ], [ 127.106294596832342, 37.49077867200085 ], [ 127.106358120102385, 37.490736692124834 ], [ 127.106429446164455, 37.490687136886898 ], [ 127.106525332097391, 37.490621549011465 ], [ 127.106583157105646, 37.490580249827751 ], [ 127.106653004590314, 37.490532831138381 ], [ 127.106742294536645, 37.49047290723427 ], [ 127.106790529839529, 37.490439112807969 ], [ 127.106883758279963, 37.490373797307079 ], [ 127.106951830602611, 37.490326722402678 ], [ 127.107004831708508, 37.490288851115324 ], [ 127.107057257987663, 37.49021214721855 ], [ 127.107136155342062, 37.490103749487382 ], [ 127.107274093755592, 37.489911073387127 ], [ 127.107353606357833, 37.489798404214724 ], [ 127.10739637760814, 37.489739224250748 ], [ 127.107459628781314, 37.489649752306796 ], [ 127.10763429840793, 37.489405956125417 ], [ 127.107722878147641, 37.48927716866941 ], [ 127.107786129219193, 37.489188174074272 ], [ 127.107833022674825, 37.489125998918333 ], [ 127.107848845644654, 37.489105000386083 ], [ 127.107853178724497, 37.489098725525437 ], [ 127.108126344820903, 37.48871320267817 ], [ 127.108506930227165, 37.488172330597656 ], [ 127.108770155712605, 37.487806114633386 ], [ 127.109121006067724, 37.487320525840175 ], [ 127.109175294664325, 37.487315367714075 ], [ 127.109145945366407, 37.487286319169471 ], [ 127.109250249626584, 37.487135072279358 ], [ 127.109264083459792, 37.487115255675207 ], [ 127.110105662452639, 37.48597787307007 ], [ 127.110456241359216, 37.485504047489655 ], [ 127.110838659035807, 37.484970734340138 ], [ 127.110840473829867, 37.484966912417839 ], [ 127.111018621848444, 37.484712088594208 ], [ 127.111043918082842, 37.48467572778609 ], [ 127.111249184715149, 37.484387009840482 ], [ 127.111509994128951, 37.484025925501676 ], [ 127.11164821745669, 37.483803808143755 ], [ 127.111654556701168, 37.483793611914457 ], [ 127.111656090748895, 37.483791141741946 ], [ 127.111780528719422, 37.483590742183125 ], [ 127.11198066985682, 37.483265032598695 ], [ 127.112098057008879, 37.483076415363591 ], [ 127.112226711830147, 37.482869686337928 ], [ 127.112234787456032, 37.482856352965321 ], [ 127.112276372385963, 37.482787702759964 ], [ 127.112276947608578, 37.482786756169617 ], [ 127.112544762956233, 37.482361340416375 ], [ 127.112623652997513, 37.48223600908107 ], [ 127.112856631412626, 37.481902815780529 ], [ 127.112966125168626, 37.481723557472399 ], [ 127.11298081635519, 37.481703784657455 ], [ 127.113439071263272, 37.481086904423591 ], [ 127.113454021714617, 37.481066779911743 ], [ 127.113900009085611, 37.480462226138471 ], [ 127.114096635187039, 37.480194135194544 ], [ 127.114256215699768, 37.479974562154226 ], [ 127.114299284223179, 37.479917406569122 ], [ 127.114580440920605, 37.479544249383899 ], [ 127.114832051369902, 37.479199987937349 ], [ 127.114952961916259, 37.479040106317385 ], [ 127.115210202891063, 37.478698289357446 ], [ 127.115501829292057, 37.478301810919113 ], [ 127.115568651345853, 37.478216475635577 ], [ 127.115977241885233, 37.477687192503709 ], [ 127.116018149857794, 37.477630966396269 ], [ 127.116032691686058, 37.477610679762819 ], [ 127.116037993985458, 37.477603286409 ], [ 127.116056419604632, 37.477579536161329 ], [ 127.116122420408232, 37.477490281992893 ], [ 127.116188985198363, 37.477400288417492 ], [ 127.116286485675204, 37.477268647483072 ], [ 127.116579402982737, 37.476888229907175 ], [ 127.116603990109866, 37.476857382686198 ], [ 127.116701290954964, 37.476729192430248 ], [ 127.116963357260644, 37.476381663483068 ], [ 127.11723246295719, 37.476033253070526 ], [ 127.117432397849427, 37.475770685301811 ], [ 127.117448079549689, 37.475749613498252 ], [ 127.117660740454085, 37.475463768969746 ], [ 127.117931870074926, 37.475105182609987 ], [ 127.118228373405898, 37.474700682503915 ], [ 127.118277193033293, 37.474630842639066 ], [ 127.118438438393142, 37.474399594133423 ], [ 127.11857795425577, 37.47419711791229 ], [ 127.118725007250035, 37.473993030260068 ], [ 127.118731998732414, 37.473981769805476 ], [ 127.118745986995862, 37.473962645668671 ], [ 127.119083507602582, 37.473479228891463 ], [ 127.119717796385373, 37.472585972936237 ], [ 127.119703218187837, 37.472761412718462 ], [ 127.120023905857877, 37.47232095178353 ], [ 127.120027459021586, 37.472316001715761 ], [ 127.120711044650477, 37.471363323745685 ], [ 127.120838068565519, 37.471189293007122 ], [ 127.120842208095752, 37.471183486369227 ], [ 127.120901841881405, 37.471099713967838 ], [ 127.120943899749761, 37.471038961901122 ], [ 127.121281653826912, 37.470570170674343 ], [ 127.121324437176483, 37.470511048547095 ], [ 127.121856228468999, 37.469776010597457 ], [ 127.121859093433144, 37.469772061286747 ], [ 127.122063879954212, 37.469488991674297 ], [ 127.122432883707702, 37.468982755512179 ], [ 127.122442775915587, 37.468969365493656 ], [ 127.122461883551409, 37.468943505169875 ], [ 127.122485212485003, 37.468913640068003 ], [ 127.122716567542383, 37.468593826207233 ], [ 127.12272619875209, 37.46857987780988 ], [ 127.122742179318024, 37.468556723656114 ], [ 127.123074362409213, 37.468095942756463 ], [ 127.12325602253253, 37.467840420440275 ], [ 127.12325722929927, 37.467838716300918 ], [ 127.1233021979547, 37.467776780050755 ], [ 127.123373919826676, 37.467678001203957 ], [ 127.123505613572561, 37.467498475571702 ], [ 127.123736333804175, 37.467175948278687 ], [ 127.123754029371014, 37.467151206443283 ], [ 127.12377578404265, 37.467120144372103 ], [ 127.12377640433354, 37.46711926975707 ], [ 127.123920695961957, 37.466916484724379 ], [ 127.123939824117457, 37.466889975409615 ], [ 127.124079427784324, 37.466696574478135 ], [ 127.124083284809473, 37.466691128416997 ], [ 127.124183623448261, 37.466549323492814 ], [ 127.124186048172575, 37.46654589716271 ], [ 127.124205640847492, 37.466520153174145 ], [ 127.124142954345359, 37.466495215391205 ], [ 127.12391567774047, 37.466396872215391 ], [ 127.12376671453444, 37.466333343479619 ], [ 127.123613431753085, 37.466199207371481 ], [ 127.123607081307853, 37.466193654740607 ], [ 127.1234264178877, 37.466078233484382 ], [ 127.12331550391518, 37.466021539575522 ], [ 127.123201967513069, 37.465978714707241 ], [ 127.123115944493193, 37.465914931109268 ], [ 127.123085007791659, 37.465894978678364 ], [ 127.123060053566661, 37.465876750013408 ], [ 127.123036557033217, 37.465865196280831 ], [ 127.123002563630791, 37.465849301487474 ], [ 127.122937506872162, 37.46581895947655 ], [ 127.122887647476858, 37.465756823425295 ], [ 127.122857836042058, 37.465733635175674 ], [ 127.12283085609215, 37.465713876835522 ], [ 127.122824601766339, 37.465669806158651 ], [ 127.122785155563676, 37.46560210018049 ], [ 127.122735981848635, 37.465600429713369 ], [ 127.12268885424416, 37.465598847228172 ], [ 127.12259254296643, 37.465533334855984 ], [ 127.122521296072009, 37.465484330160145 ], [ 127.122508078270371, 37.465474946225328 ], [ 127.122435368964233, 37.46542323996335 ], [ 127.122398686893348, 37.465394093981899 ], [ 127.122318305602775, 37.465330222934661 ], [ 127.122298893293674, 37.465313709358917 ], [ 127.122234552466608, 37.465264174847448 ], [ 127.122179798229169, 37.465222316074183 ], [ 127.122150765122285, 37.465211921101584 ], [ 127.122025347974542, 37.465181604144163 ], [ 127.121957441438937, 37.46516395963782 ], [ 127.121859036300592, 37.465138336230559 ], [ 127.121859142000602, 37.465133759024091 ], [ 127.121663741256143, 37.464776484607889 ], [ 127.121439035753298, 37.464371774704638 ], [ 127.121354127967962, 37.464310592573824 ], [ 127.121092767738801, 37.464125430719506 ], [ 127.120745425294174, 37.463891511635786 ], [ 127.120104004223734, 37.46349266087303 ], [ 127.119203862913579, 37.463126230366719 ], [ 127.118325998219149, 37.462694673412109 ], [ 127.117474439570742, 37.462200320137406 ], [ 127.117470531078567, 37.462194557545402 ], [ 127.117119551222501, 37.461677265442574 ], [ 127.116988997263761, 37.461484037553468 ], [ 127.116939372002832, 37.460899946884346 ], [ 127.116907440518062, 37.460472919982699 ], [ 127.116899428882363, 37.460400739326211 ], [ 127.116901667193119, 37.460283255165407 ], [ 127.116906063238417, 37.460076776678605 ], [ 127.1169049713927, 37.45977076055771 ], [ 127.116906488830423, 37.459287108808738 ], [ 127.116895751976756, 37.458640170884962 ], [ 127.116696629606594, 37.458622921660904 ], [ 127.116239035044543, 37.458595823020858 ], [ 127.115892501410045, 37.458591653871089 ], [ 127.115825889519456, 37.458610315055878 ], [ 127.115729551153166, 37.458636068811714 ], [ 127.115686583596542, 37.458646832284217 ], [ 127.115576779482751, 37.458677257117571 ], [ 127.115495702358359, 37.45869743675361 ], [ 127.115476249009518, 37.458703897697148 ], [ 127.115478307374445, 37.458756883801634 ], [ 127.115365513945122, 37.458880826602183 ], [ 127.115284884788878, 37.458965607699938 ], [ 127.115148185414412, 37.459059605883084 ], [ 127.114992303071489, 37.459129889863597 ], [ 127.114784769909491, 37.459202097241331 ], [ 127.114592112603361, 37.459238006563794 ], [ 127.1145102102208, 37.4592736835924 ], [ 127.114361623354313, 37.459378215961117 ], [ 127.114184483806582, 37.459451618624279 ], [ 127.114072767875868, 37.459482133980323 ], [ 127.113955044416031, 37.459516412135692 ], [ 127.113836155512871, 37.459633052114505 ], [ 127.113737431919532, 37.45972042621581 ], [ 127.113633881961647, 37.459732201515898 ], [ 127.11353610276079, 37.459801284158509 ], [ 127.113419503786844, 37.459900442053787 ], [ 127.113270705198957, 37.46005443839276 ], [ 127.113240586480174, 37.460208655778217 ], [ 127.113236192747493, 37.460279109476311 ], [ 127.113233002338973, 37.460353075953527 ], [ 127.113088815679376, 37.460401650165899 ], [ 127.112842256479979, 37.460487054632864 ], [ 127.112762611871077, 37.460529945363454 ], [ 127.112908438570685, 37.460641838903413 ], [ 127.113184595274504, 37.460758114209035 ], [ 127.113291491005754, 37.460836535694853 ], [ 127.113334544712799, 37.460905331706513 ], [ 127.113333662675387, 37.46108724533309 ], [ 127.113120888585073, 37.461113395383222 ], [ 127.112974704054466, 37.461134400603136 ], [ 127.112922118259618, 37.461154434463033 ], [ 127.11278299194268, 37.461209508778161 ], [ 127.112702679340586, 37.461244552344283 ], [ 127.112521424581303, 37.461344355795042 ], [ 127.112304875939699, 37.46146358167136 ], [ 127.112229523155634, 37.461505116506459 ], [ 127.111820002624526, 37.461644227076007 ], [ 127.111748986445548, 37.461652690697285 ], [ 127.11134693950666, 37.461717207516635 ], [ 127.111064732877722, 37.46176221331973 ], [ 127.110637531790459, 37.461793179618539 ], [ 127.109890801703315, 37.461941009756387 ], [ 127.109458920836985, 37.461870604091672 ], [ 127.109088951125756, 37.462007587742612 ], [ 127.108685833379312, 37.462156340382897 ], [ 127.108153237129244, 37.462274033799865 ], [ 127.107514080310196, 37.46218896833885 ], [ 127.10730148957262, 37.462180437101011 ], [ 127.106879762384409, 37.462369529185864 ], [ 127.106671818387966, 37.462410547907069 ], [ 127.106466977943754, 37.462424010796198 ], [ 127.106167022930848, 37.4624064639371 ], [ 127.105925231235304, 37.462354176281323 ], [ 127.105655858642976, 37.462235634562461 ], [ 127.10560793253218, 37.4621780936004 ], [ 127.105270657568795, 37.46217011896514 ], [ 127.105128283226037, 37.462145799627002 ], [ 127.105030176814566, 37.462141263446291 ], [ 127.104866590287372, 37.462160706129438 ], [ 127.104704957372817, 37.462154197956437 ], [ 127.10434096659155, 37.462174391365991 ], [ 127.104470706499001, 37.461755491597849 ], [ 127.1045502190684, 37.461611964386165 ], [ 127.104611556989369, 37.461444450216035 ], [ 127.104749453742869, 37.461263155871762 ], [ 127.104780055679782, 37.46115966679578 ], [ 127.104624974655636, 37.46109938083957 ], [ 127.104520396511219, 37.461056187778247 ], [ 127.104471948503573, 37.4610290106489 ], [ 127.104426709599608, 37.460984621519479 ], [ 127.104407997901248, 37.460956039929236 ], [ 127.104298733505104, 37.460816785649932 ], [ 127.104258512528162, 37.460804846272936 ], [ 127.104248911862925, 37.460801592982598 ], [ 127.104170502344928, 37.460726535358624 ], [ 127.104045976920858, 37.460585194753925 ], [ 127.104023084103261, 37.460557139310538 ], [ 127.103979652333734, 37.460453381247738 ], [ 127.10398561654354, 37.460268408845273 ], [ 127.103973884142036, 37.460268400997037 ], [ 127.10397419494268, 37.460231099137033 ], [ 127.103969077280937, 37.460183251218844 ], [ 127.103941306038237, 37.460050584339506 ], [ 127.103889405501377, 37.460002407540145 ], [ 127.103810658462109, 37.45992762026026 ], [ 127.103748754769484, 37.459904112553424 ], [ 127.103639987767693, 37.459862625225192 ], [ 127.103545788845196, 37.459828450388507 ], [ 127.1034425235692, 37.459751467553673 ], [ 127.103245486514979, 37.459763296322613 ], [ 127.103158573248578, 37.459758866079788 ], [ 127.10306477583724, 37.459753883065517 ], [ 127.102945581938627, 37.459724459498354 ], [ 127.102800025579967, 37.459716889750169 ], [ 127.102691607245788, 37.459723875301187 ], [ 127.102670486911862, 37.459777638309788 ], [ 127.102633918276481, 37.459866968177167 ], [ 127.102550317897624, 37.459787850374823 ], [ 127.102446855334705, 37.459689422925678 ], [ 127.102381193038809, 37.459627264609139 ], [ 127.102287328254661, 37.459538217294913 ], [ 127.102258538839124, 37.459520428975672 ], [ 127.102132335819263, 37.459438824366885 ], [ 127.102098463008446, 37.459423103636809 ], [ 127.101953474189855, 37.459349218412555 ], [ 127.10185223219321, 37.459177527849157 ], [ 127.101625466443807, 37.459050840655969 ], [ 127.10138086208471, 37.458972335817009 ], [ 127.101319895756689, 37.458845030284806 ], [ 127.1012263030306, 37.458661250234123 ], [ 127.101164554081052, 37.458540009037861 ], [ 127.101277545081373, 37.458241212567906 ], [ 127.101059161968806, 37.457989358590389 ], [ 127.100765534659772, 37.457759443811391 ], [ 127.100248923347337, 37.457547194282157 ], [ 127.099738443407432, 37.457354164838243 ], [ 127.09950605382879, 37.456912315625786 ], [ 127.099305853925983, 37.456677238005277 ], [ 127.099135433310622, 37.456369865813166 ], [ 127.099095452480867, 37.456218421827714 ], [ 127.098892940810799, 37.456115694052926 ], [ 127.098685099862365, 37.45614774268045 ], [ 127.098471624794797, 37.456254398800084 ], [ 127.098237094151472, 37.456370766582047 ], [ 127.097230202070094, 37.456367234447939 ], [ 127.096364905903656, 37.45634634395514 ], [ 127.096075931520886, 37.456429215713754 ], [ 127.095768915830476, 37.456519363256291 ], [ 127.095458064452913, 37.456453125571009 ], [ 127.095213563811313, 37.456391456640667 ], [ 127.09527266100342, 37.456742549531818 ], [ 127.095374486628842, 37.457196962746309 ], [ 127.095439669678626, 37.457560079089482 ], [ 127.095371653964534, 37.457815387854758 ], [ 127.095141085719646, 37.458117010969779 ], [ 127.094844684843849, 37.458515129194247 ], [ 127.094942911010079, 37.458856460364515 ], [ 127.095105619110257, 37.45942374843348 ], [ 127.09514208281216, 37.45947896015582 ], [ 127.095011084208593, 37.459797064480242 ], [ 127.095235625776695, 37.460077774850888 ], [ 127.095556105354518, 37.460257081497211 ], [ 127.095718149508002, 37.460694426230837 ], [ 127.095656497802892, 37.461014683369648 ], [ 127.095318710210989, 37.460989453529194 ], [ 127.094878232608934, 37.460980314741924 ], [ 127.094355318303627, 37.460976987509575 ], [ 127.093871896841705, 37.461175983718398 ], [ 127.093558543672373, 37.461213214414748 ], [ 127.093088588711012, 37.461279893422677 ], [ 127.091909719284317, 37.462306035920548 ], [ 127.092020779743038, 37.463633869027312 ], [ 127.092067966488059, 37.463882879436625 ], [ 127.092087429936939, 37.46389137901064 ], [ 127.092071653454397, 37.463959561072073 ], [ 127.092054018297816, 37.464173689197295 ], [ 127.092057712367506, 37.464284383727424 ], [ 127.092061913293065, 37.464337332517403 ], [ 127.092062720604503, 37.464435018757683 ], [ 127.092064421402753, 37.464486257554086 ], [ 127.092028729845126, 37.464940462990484 ], [ 127.091942698293408, 37.465212686101431 ], [ 127.091598673140069, 37.465740901074582 ], [ 127.091142445403449, 37.466139581747001 ], [ 127.090888154659396, 37.466527908727286 ], [ 127.090582595540923, 37.466914012267686 ], [ 127.090430021506691, 37.467147973648167 ], [ 127.090134532671613, 37.467144231184442 ], [ 127.089707805992475, 37.467420077316305 ], [ 127.089446775261763, 37.467671273405955 ], [ 127.089324166010556, 37.46786902672973 ], [ 127.089037951092834, 37.468240110111999 ], [ 127.088975456970729, 37.468148353134765 ], [ 127.088421947696673, 37.468202154948656 ], [ 127.088128349412088, 37.468488484146128 ], [ 127.087793738233643, 37.469247698126431 ], [ 127.087558000943019, 37.469426295687498 ], [ 127.087564098501772, 37.469844500924829 ], [ 127.087163332407599, 37.469978672133735 ], [ 127.086907548705341, 37.47044550480814 ], [ 127.086761447372623, 37.470701630329842 ], [ 127.086604087446688, 37.470849526267408 ], [ 127.086245167903741, 37.471017632020178 ], [ 127.085886041771573, 37.471214577933473 ], [ 127.085113043191043, 37.471290334019429 ], [ 127.085016625965139, 37.471299790639137 ], [ 127.084565595354164, 37.472166585008758 ], [ 127.084135849651005, 37.472999890401233 ], [ 127.084344205598015, 37.473724736377449 ], [ 127.084520708630066, 37.474276323461126 ], [ 127.084446244073732, 37.474605043453167 ], [ 127.084441429557529, 37.474862156906262 ], [ 127.084460495555774, 37.475143472533709 ], [ 127.084939197561496, 37.475660328948997 ], [ 127.084478423470557, 37.475796245190018 ], [ 127.083852476779896, 37.475590839996556 ], [ 127.083238579578293, 37.475702503905538 ], [ 127.082745424591707, 37.475473376648544 ], [ 127.081760192347829, 37.475443731069156 ], [ 127.078993261330481, 37.474915653022023 ], [ 127.078529564696254, 37.4750960214853 ], [ 127.077963078920348, 37.474854055690969 ], [ 127.076923921526259, 37.475242127433233 ] ] ] ] } },
{ "type": "Feature", "properties": { "ADM_SECT_C": "11650", "SGG_NM": "서초구", "SGG_OID": 146, "COL_ADM_SE": "11650" }, "geometry": { "type": "MultiPolygon", "coordinates": [ [ [ [ 127.061144744167891, 37.429985015581408 ], [ 127.060768100204314, 37.429852396164392 ], [ 127.060574742597581, 37.429782610623711 ], [ 127.060517648754299, 37.429763708923261 ], [ 127.060206940326836, 37.429713542209171 ], [ 127.060119519766118, 37.429662750620885 ], [ 127.059960988092527, 37.429568493404638 ], [ 127.059780715974995, 37.4295869900185 ], [ 127.059189073114879, 37.429648972266612 ], [ 127.059056961945089, 37.429663227546001 ], [ 127.058672805768822, 37.429807494345496 ], [ 127.058460332761442, 37.429885885603035 ], [ 127.058069504712151, 37.430010385502634 ], [ 127.05737874614546, 37.429856947658976 ], [ 127.056808031910407, 37.429730434923208 ], [ 127.056757880528437, 37.429717420761541 ], [ 127.05639434861007, 37.429580663658939 ], [ 127.056107427973259, 37.429610286550336 ], [ 127.055970697378498, 37.429549432356168 ], [ 127.055546481578702, 37.429360982628324 ], [ 127.055337682699545, 37.429397893128865 ], [ 127.055120952446941, 37.429292474369085 ], [ 127.054768173986147, 37.429272784569612 ], [ 127.054275400762506, 37.429110048918716 ], [ 127.054112171659298, 37.429055844833641 ], [ 127.053889703790304, 37.428981646347552 ], [ 127.053684128282612, 37.428974249856182 ], [ 127.05345801617662, 37.428808311357557 ], [ 127.053380121491742, 37.428751617986585 ], [ 127.053125007093143, 37.428633075666731 ], [ 127.052910389197237, 37.428535851105472 ], [ 127.052500545693846, 37.428445954630426 ], [ 127.052462892073763, 37.428400280658749 ], [ 127.05239573750498, 37.428318714135898 ], [ 127.052324262599512, 37.428297183712864 ], [ 127.052169078064026, 37.428339399545898 ], [ 127.051880414601698, 37.428613069442861 ], [ 127.051654482281435, 37.428827713918082 ], [ 127.051417393348174, 37.429053336961857 ], [ 127.051358727253913, 37.429197829600625 ], [ 127.050918104695569, 37.429450279235468 ], [ 127.050716215908864, 37.42960511183194 ], [ 127.050553838590858, 37.42972860860354 ], [ 127.050361217442045, 37.42982083459836 ], [ 127.0501931510275, 37.42990172447962 ], [ 127.050050159547595, 37.430094283959285 ], [ 127.049966456184066, 37.430208917694408 ], [ 127.049864959710277, 37.430309241606146 ], [ 127.049579435673294, 37.430269677582217 ], [ 127.049241479937109, 37.430324965296741 ], [ 127.048538602260194, 37.430442837722353 ], [ 127.048143989747217, 37.430508254147568 ], [ 127.047785799634525, 37.43056877153326 ], [ 127.047554476717679, 37.430607136730636 ], [ 127.047368912415195, 37.430701418400673 ], [ 127.047302302596094, 37.43110046524194 ], [ 127.047180730235738, 37.431732011680509 ], [ 127.047224349259793, 37.432039941763819 ], [ 127.046536107931004, 37.432650315237076 ], [ 127.046441345156197, 37.432990085783509 ], [ 127.046311342379383, 37.433446829574955 ], [ 127.046306588721109, 37.433452129309231 ], [ 127.046228404308323, 37.433458249728986 ], [ 127.045905327093891, 37.433481067907245 ], [ 127.045780468715762, 37.433528408689973 ], [ 127.045553276592955, 37.433614801197116 ], [ 127.045261277309919, 37.433727121275155 ], [ 127.04495086426094, 37.433846934781805 ], [ 127.044847666739216, 37.433917413535426 ], [ 127.04462585375073, 37.434068296501991 ], [ 127.044461683000677, 37.434290932489603 ], [ 127.044364101266481, 37.434423082832936 ], [ 127.044256314099584, 37.434809906928606 ], [ 127.044185370927153, 37.435055097049961 ], [ 127.043888163422736, 37.435302413730632 ], [ 127.043479686131676, 37.435642086557706 ], [ 127.043296791122643, 37.435793070296711 ], [ 127.043169273859291, 37.435905029584127 ], [ 127.042906571612747, 37.436139140832722 ], [ 127.042702132415585, 37.436321504300096 ], [ 127.04264596866787, 37.436371917265369 ], [ 127.042522304601761, 37.436446275416316 ], [ 127.042334074514343, 37.436559480208444 ], [ 127.042200334220098, 37.436640103508665 ], [ 127.042101903278748, 37.436698306456428 ], [ 127.041972727265559, 37.436778630597303 ], [ 127.041871734050247, 37.436842492562448 ], [ 127.04173625460578, 37.436926765012068 ], [ 127.041442590387476, 37.437109192643867 ], [ 127.041365220010718, 37.43718807501233 ], [ 127.041247825320696, 37.437306705261157 ], [ 127.041140051679349, 37.437414502045193 ], [ 127.041104760685883, 37.437666570969313 ], [ 127.041089933013467, 37.437768651172767 ], [ 127.040879491846141, 37.437877923651904 ], [ 127.040480091895077, 37.43808195416733 ], [ 127.040368077806178, 37.43812243730099 ], [ 127.040052494613164, 37.438236617268494 ], [ 127.039567959531908, 37.438195589152294 ], [ 127.039221589470628, 37.438164101785937 ], [ 127.039032021503303, 37.438150989362093 ], [ 127.038744860167739, 37.438253614898223 ], [ 127.038436965261099, 37.438360228669623 ], [ 127.038260204758288, 37.438335028486406 ], [ 127.037799725484334, 37.438267820361737 ], [ 127.037701481001065, 37.43827888782949 ], [ 127.037395120551693, 37.438313021311032 ], [ 127.037067425793623, 37.438274629249634 ], [ 127.036977310511972, 37.438296127346327 ], [ 127.036919923814111, 37.43832832856458 ], [ 127.036855691262133, 37.438364243955874 ], [ 127.036819771609871, 37.438392014754498 ], [ 127.03673599275686, 37.438456542929181 ], [ 127.036322395269565, 37.438777883890367 ], [ 127.036055642230764, 37.43882239986327 ], [ 127.035889972785185, 37.438885275459114 ], [ 127.035573432294669, 37.439003615402179 ], [ 127.03557436831835, 37.439149136962918 ], [ 127.035578879111782, 37.439403319070834 ], [ 127.035537598596591, 37.43957243216208 ], [ 127.035491897618471, 37.439761990377946 ], [ 127.035392805632171, 37.43987837500039 ], [ 127.035319938681965, 37.439966136025163 ], [ 127.035294787561952, 37.440071822447294 ], [ 127.035207727879694, 37.440437269107086 ], [ 127.035168648940243, 37.440605246142425 ], [ 127.035171488926423, 37.440941528518202 ], [ 127.035241212793053, 37.440998578484553 ], [ 127.035619075388723, 37.441327455066549 ], [ 127.036037779100624, 37.441531817244467 ], [ 127.036071936478066, 37.441550467134967 ], [ 127.036087321225907, 37.441562103656906 ], [ 127.036287676961706, 37.44172046007489 ], [ 127.03643057342795, 37.441832305095367 ], [ 127.036654182699749, 37.442079655555965 ], [ 127.036789202609128, 37.442284450430058 ], [ 127.036836280477544, 37.442359382190027 ], [ 127.036818917244545, 37.442586846758665 ], [ 127.036974396288926, 37.442896566635241 ], [ 127.037144829456025, 37.443020935520579 ], [ 127.037482565670715, 37.44326628570991 ], [ 127.037518217486394, 37.443500644929465 ], [ 127.037567592281064, 37.443837705782947 ], [ 127.037924389678395, 37.444160391334115 ], [ 127.037934444595606, 37.444178561555518 ], [ 127.038034945355449, 37.444515867702783 ], [ 127.038056972772651, 37.444591158077479 ], [ 127.038183192773772, 37.445017043154969 ], [ 127.03823001161598, 37.445179948751466 ], [ 127.038205289489539, 37.445858504934975 ], [ 127.037748877071991, 37.446094817712194 ], [ 127.037350928721708, 37.446300431716892 ], [ 127.037260124847649, 37.446438592603144 ], [ 127.037253710495833, 37.446448064126749 ], [ 127.037394673452695, 37.446914463736555 ], [ 127.037531221369164, 37.447361204515708 ], [ 127.037341058904943, 37.44768987753406 ], [ 127.037172452467203, 37.447984837063004 ], [ 127.037158835365688, 37.448010024310271 ], [ 127.037278537257777, 37.448321322033316 ], [ 127.037374463667248, 37.448563916062419 ], [ 127.037811605945549, 37.448922031898903 ], [ 127.03777408524941, 37.449201400522654 ], [ 127.03774404954207, 37.449418408162046 ], [ 127.03742968780378, 37.449831192131377 ], [ 127.03729536626841, 37.450009668198035 ], [ 127.037260445288183, 37.450081272739631 ], [ 127.036967779272814, 37.450690801639738 ], [ 127.036935975174529, 37.450758819136936 ], [ 127.03691316925881, 37.450807678534851 ], [ 127.036808845575052, 37.450880078563962 ], [ 127.036751841429577, 37.450977485348652 ], [ 127.036624653194835, 37.451119801108455 ], [ 127.036542555860152, 37.451209944118681 ], [ 127.036465941081218, 37.451376202460764 ], [ 127.036409387451727, 37.451496377367405 ], [ 127.036076418093018, 37.451662593723661 ], [ 127.03586102428136, 37.451990938126073 ], [ 127.035776151874288, 37.452195554230961 ], [ 127.035370944400725, 37.452226449365618 ], [ 127.035146373431544, 37.452438718445585 ], [ 127.034754407467886, 37.452617156457272 ], [ 127.034784879331539, 37.452826694867959 ], [ 127.03482333868017, 37.453105806698019 ], [ 127.034984377218549, 37.453230577568227 ], [ 127.034997242116873, 37.453238250495602 ], [ 127.035468776363587, 37.45343695898687 ], [ 127.035586486850576, 37.453963842390088 ], [ 127.035587452099918, 37.454048698845781 ], [ 127.03558787634789, 37.454087009493172 ], [ 127.035737174978337, 37.454185806701318 ], [ 127.03626708033886, 37.4542616789535 ], [ 127.036342930984915, 37.454438884472872 ], [ 127.036424595781568, 37.454650191289872 ], [ 127.036824470632297, 37.454933132473101 ], [ 127.036843420043354, 37.454948272716855 ], [ 127.036905506216229, 37.455004359769148 ], [ 127.037005357012987, 37.455093277112617 ], [ 127.037127405962863, 37.455207199601929 ], [ 127.037067088399482, 37.455473816329757 ], [ 127.036971076554678, 37.455641495290976 ], [ 127.036849244973155, 37.455822462714011 ], [ 127.036818761664577, 37.455988166750906 ], [ 127.036773462224033, 37.456204736959215 ], [ 127.036770682347608, 37.456253923680777 ], [ 127.03675111292894, 37.45631517987254 ], [ 127.036740232451393, 37.456443414220708 ], [ 127.036563397052419, 37.456638336260021 ], [ 127.036354616549886, 37.456874028935694 ], [ 127.036076574038233, 37.45715986443814 ], [ 127.035762920148542, 37.457480992967064 ], [ 127.035706311044919, 37.457516689169033 ], [ 127.035462318550017, 37.457653342901388 ], [ 127.035190515331436, 37.457802591098471 ], [ 127.035015683194899, 37.457893083695673 ], [ 127.034968164671454, 37.457988531634506 ], [ 127.034933820043022, 37.458327283282827 ], [ 127.034924298619245, 37.458443894069063 ], [ 127.03501041019527, 37.458867963818435 ], [ 127.035056738437063, 37.458738241978644 ], [ 127.035054811014646, 37.458775490078665 ], [ 127.035043770449192, 37.458856223272193 ], [ 127.035042819657036, 37.459005069588798 ], [ 127.034994299046247, 37.459186725971811 ], [ 127.034953524667159, 37.4597583351146 ], [ 127.034946784976896, 37.459852672243962 ], [ 127.034923870593502, 37.460174968197869 ], [ 127.034642635318718, 37.460129997116212 ], [ 127.034514660184243, 37.460069215084538 ], [ 127.034503920256583, 37.460064172455127 ], [ 127.034327631097213, 37.460145131775128 ], [ 127.034324703452597, 37.460170540927194 ], [ 127.034315583545506, 37.460251633902431 ], [ 127.034287441336602, 37.460256146734146 ], [ 127.034012574229905, 37.460300101573836 ], [ 127.033898757350556, 37.460831815793597 ], [ 127.03379136192072, 37.461054753764479 ], [ 127.033731873138805, 37.461236682862804 ], [ 127.033744312117094, 37.461249834141015 ], [ 127.033780432817508, 37.461398850472804 ], [ 127.033797069415996, 37.461447950688338 ], [ 127.03379911341824, 37.46146993464567 ], [ 127.033799454330705, 37.461474169274815 ], [ 127.033821293201456, 37.461529845399632 ], [ 127.033845834254507, 37.461560923351747 ], [ 127.033843248277165, 37.461592819626304 ], [ 127.03387266913802, 37.461669036573632 ], [ 127.033876629647565, 37.461679306942891 ], [ 127.033880053661107, 37.46175607160577 ], [ 127.033883135248274, 37.461825087721031 ], [ 127.033886304898672, 37.461836169210486 ], [ 127.033901360430193, 37.461888062955211 ], [ 127.033919019708279, 37.461949236331748 ], [ 127.033920168839984, 37.461992844642296 ], [ 127.033923044591532, 37.462108622951185 ], [ 127.033923504067133, 37.462125651812876 ], [ 127.033925088648786, 37.462130606903834 ], [ 127.03395655383396, 37.462228717674954 ], [ 127.033976689033167, 37.462264662230417 ], [ 127.034025556627014, 37.462352046244909 ], [ 127.034034614011986, 37.462386281927813 ], [ 127.034054427060724, 37.462461149955921 ], [ 127.034077620489583, 37.462511509723946 ], [ 127.034101040170526, 37.462562229826418 ], [ 127.034105791984643, 37.462572499968253 ], [ 127.034173096168246, 37.462687359470344 ], [ 127.034199791677409, 37.462732942920532 ], [ 127.034247184205881, 37.462806091372627 ], [ 127.034260191644634, 37.462825999969503 ], [ 127.03428531085261, 37.462885459305681 ], [ 127.034318803270565, 37.462964918612151 ], [ 127.034327968502453, 37.462986810477311 ], [ 127.034384406523003, 37.463065812888615 ], [ 127.034392663813492, 37.463079235558681 ], [ 127.034444696403497, 37.463164456096266 ], [ 127.034449792421128, 37.4631861688841 ], [ 127.034452849890826, 37.463198872195065 ], [ 127.034459870918013, 37.463228423184688 ], [ 127.034462135813882, 37.463238063301091 ], [ 127.034510204148205, 37.463304453919513 ], [ 127.034532259053449, 37.463334901710496 ], [ 127.034530810020144, 37.463381303844351 ], [ 127.034521223160311, 37.463429059757487 ], [ 127.034533779873456, 37.4634517615617 ], [ 127.034535137267497, 37.463454013693543 ], [ 127.03453694719245, 37.463457166703343 ], [ 127.034552558916218, 37.463486895486341 ], [ 127.034550659699903, 37.463537712666742 ], [ 127.034561087632483, 37.463603212772277 ], [ 127.034583840609656, 37.463678530376065 ], [ 127.034597413697156, 37.463698979377163 ], [ 127.034604991978114, 37.463710329910924 ], [ 127.034624815321607, 37.463806461526808 ], [ 127.034630705773765, 37.463835201916005 ], [ 127.034659704731695, 37.463976110869019 ], [ 127.034667887047732, 37.464075399252692 ], [ 127.034693015596218, 37.464154320180214 ], [ 127.034562698774053, 37.464182017525843 ], [ 127.034204556197892, 37.464330242240742 ], [ 127.03347945368435, 37.464635250329536 ], [ 127.033196420899628, 37.46492193598845 ], [ 127.033180042366808, 37.464949601207167 ], [ 127.033140282119916, 37.465017006967891 ], [ 127.032757276256291, 37.465192804655331 ], [ 127.032321229592952, 37.465307977355451 ], [ 127.032239626103575, 37.465329532598055 ], [ 127.032168769383873, 37.465371537791334 ], [ 127.031921504906464, 37.465518375241317 ], [ 127.031759645905083, 37.465542293384054 ], [ 127.031676116682164, 37.465554658487626 ], [ 127.031195286199264, 37.465625779347121 ], [ 127.030554775695521, 37.465513763459093 ], [ 127.030396400549307, 37.465486051342367 ], [ 127.030353210460774, 37.465459842669212 ], [ 127.030314085331796, 37.465422190237092 ], [ 127.030260608740093, 37.465395353333129 ], [ 127.030165984348855, 37.465361858956896 ], [ 127.030024117369621, 37.465345675190328 ], [ 127.029928151472035, 37.465351194426809 ], [ 127.029526880450817, 37.46537417572484 ], [ 127.029494511874873, 37.46496314528617 ], [ 127.029492808279002, 37.464941521588422 ], [ 127.029488589330342, 37.464843223026584 ], [ 127.029510379021289, 37.464469751602202 ], [ 127.029582992636293, 37.464287821610746 ], [ 127.029623437509215, 37.464230057621414 ], [ 127.029670208852124, 37.464163191966939 ], [ 127.029693962371468, 37.463905228759401 ], [ 127.029638667425544, 37.463546930500939 ], [ 127.029632892619603, 37.463489817204042 ], [ 127.029617950693194, 37.46337202343684 ], [ 127.029605865009486, 37.463274961099394 ], [ 127.029543698018202, 37.463157493885525 ], [ 127.029491189141979, 37.463053179016477 ], [ 127.029429538130969, 37.462924052617382 ], [ 127.029365107226852, 37.462796269335122 ], [ 127.02932164871423, 37.462711567120429 ], [ 127.029315947969025, 37.462701017698187 ], [ 127.029202151278469, 37.462559793926054 ], [ 127.029119758184279, 37.46245708065662 ], [ 127.028985007703326, 37.462289308955683 ], [ 127.028924056266789, 37.462214665863698 ], [ 127.028818685605884, 37.462114714779098 ], [ 127.028730873767842, 37.4620278781845 ], [ 127.028600716704489, 37.461898956297077 ], [ 127.028537588164312, 37.461834593963196 ], [ 127.028444723213724, 37.461744199338426 ], [ 127.028426156648067, 37.461725048207484 ], [ 127.028386023501085, 37.461673546899661 ], [ 127.028320142078641, 37.461590678435819 ], [ 127.028255208713219, 37.461503466876749 ], [ 127.028191024150516, 37.46142371543101 ], [ 127.028148789846782, 37.461374719307436 ], [ 127.028042811752982, 37.461244809244363 ], [ 127.02806704914947, 37.461095417206408 ], [ 127.028103019245222, 37.460883006242668 ], [ 127.028156604334526, 37.460621549595395 ], [ 127.028222723083331, 37.460516522552638 ], [ 127.028345072833133, 37.460314408449044 ], [ 127.02838234003633, 37.46025560040114 ], [ 127.028461426836202, 37.46013105450232 ], [ 127.028460407322015, 37.460124765720195 ], [ 127.028381672480421, 37.459937735013014 ], [ 127.028367465047367, 37.459906770700478 ], [ 127.028361616630306, 37.459893193883914 ], [ 127.028157818220308, 37.459837647993787 ], [ 127.028061133766215, 37.459837291327794 ], [ 127.028008732492282, 37.459833329654096 ], [ 127.027874375539668, 37.459832386611005 ], [ 127.027531875229812, 37.459825858136682 ], [ 127.027388568265579, 37.459797336747954 ], [ 127.027315784529179, 37.459783035689881 ], [ 127.027114252032547, 37.459740047514316 ], [ 127.026891051074443, 37.459693432598939 ], [ 127.026571865232739, 37.459641269439373 ], [ 127.026498981249162, 37.45956253702866 ], [ 127.026400995459795, 37.459454184813808 ], [ 127.026408542310833, 37.459307544648816 ], [ 127.026418625877739, 37.459107618502884 ], [ 127.026426192273647, 37.458917883248063 ], [ 127.026435125640575, 37.458658175636259 ], [ 127.026442988183447, 37.45840746027023 ], [ 127.026444693846244, 37.458336253467287 ], [ 127.026418734657028, 37.458276738534025 ], [ 127.026346487949525, 37.458104058057813 ], [ 127.026204161687019, 37.457987434721623 ], [ 127.026016003407094, 37.457833951584547 ], [ 127.025995155906998, 37.45781660254216 ], [ 127.025898053223685, 37.457773275249146 ], [ 127.025687004756662, 37.457678181448749 ], [ 127.025434538517388, 37.457564201577185 ], [ 127.025277332586313, 37.457493522388049 ], [ 127.025116473318732, 37.457485427551603 ], [ 127.024983995183007, 37.457479273035489 ], [ 127.024856252697845, 37.457472784063754 ], [ 127.024676722309493, 37.457466178973512 ], [ 127.024545171531628, 37.457461609553171 ], [ 127.024388494895007, 37.457455396012001 ], [ 127.02428320011424, 37.457451956482508 ], [ 127.024125698586104, 37.457446229294739 ], [ 127.023962972811987, 37.457394209233087 ], [ 127.023826335955022, 37.457351103978134 ], [ 127.023745313417081, 37.457328801342022 ], [ 127.023712239442489, 37.457318563126982 ], [ 127.023523754362401, 37.457299578152437 ], [ 127.023342887593344, 37.457281879908187 ], [ 127.023060175012318, 37.457265335263664 ], [ 127.022792495140465, 37.457250030624898 ], [ 127.02273151395471, 37.457193845880127 ], [ 127.022582272063644, 37.457056207957841 ], [ 127.022431831851719, 37.456915641788186 ], [ 127.022356676969267, 37.456814895623815 ], [ 127.022248542680487, 37.456675565134717 ], [ 127.022207591348462, 37.456623881626093 ], [ 127.022202989068887, 37.456615791402321 ], [ 127.02209107493124, 37.45653909031968 ], [ 127.021973327750416, 37.45645769590103 ], [ 127.021695071591566, 37.456314609998742 ], [ 127.021502649001548, 37.456225560277318 ], [ 127.021426975930893, 37.45620924682963 ], [ 127.021347347952045, 37.456196168607143 ], [ 127.021283432582578, 37.456192304990928 ], [ 127.021263222905475, 37.456187686210896 ], [ 127.021139416112561, 37.45618113850211 ], [ 127.020858426606239, 37.45616654348327 ], [ 127.020828203656208, 37.456163881449307 ], [ 127.020426859055902, 37.456159648554085 ], [ 127.020365419458457, 37.456157766257469 ], [ 127.02022024285651, 37.456071085555557 ], [ 127.02016465033779, 37.456038730219866 ], [ 127.020124668292624, 37.456014553531773 ], [ 127.019979796280339, 37.455923295375889 ], [ 127.01981343111008, 37.45584561852526 ], [ 127.019708704017745, 37.455795980272647 ], [ 127.019691703155445, 37.45578633311812 ], [ 127.019201106378262, 37.455731121843421 ], [ 127.019060205880194, 37.455748523242654 ], [ 127.018975759339426, 37.455763744723583 ], [ 127.018835617629819, 37.455788317747782 ], [ 127.018636441261336, 37.455848885337133 ], [ 127.01843316191507, 37.455909687439096 ], [ 127.0182912837153, 37.455954424571367 ], [ 127.018119581068007, 37.456009752542656 ], [ 127.018064655824816, 37.456026392809683 ], [ 127.018007265699509, 37.456038627477781 ], [ 127.017778190387759, 37.456084700606695 ], [ 127.01759917071611, 37.456122360107855 ], [ 127.017544967698996, 37.456134684218085 ], [ 127.017259535302131, 37.456056758572423 ], [ 127.017028063131349, 37.455992096978761 ], [ 127.016945958946906, 37.455969231194395 ], [ 127.016768148733334, 37.455785548239028 ], [ 127.01663114886901, 37.455644585486382 ], [ 127.016617221332382, 37.455628477285636 ], [ 127.01647489417401, 37.455464701564722 ], [ 127.016378498691807, 37.455353826955609 ], [ 127.016287570992276, 37.455229058074245 ], [ 127.016244437769686, 37.455207105948006 ], [ 127.016214891445543, 37.455193963952908 ], [ 127.015786957292022, 37.455005480950021 ], [ 127.01557446113317, 37.454915739214115 ], [ 127.01506474473959, 37.454831581737963 ], [ 127.014873312058953, 37.454841361421749 ], [ 127.014509354876452, 37.454860701540433 ], [ 127.01415601524505, 37.454977447137047 ], [ 127.013858997135031, 37.455119873480015 ], [ 127.013557491395503, 37.455265065618057 ], [ 127.013386412709323, 37.455347317716758 ], [ 127.012753261935629, 37.455467636846222 ], [ 127.012493240322527, 37.455517288677434 ], [ 127.012376187342909, 37.455542203288907 ], [ 127.012372198546643, 37.455548231383368 ], [ 127.011938619039512, 37.455508923498968 ], [ 127.011937623958531, 37.455505391644444 ], [ 127.011367314985236, 37.455407573322312 ], [ 127.011150646383172, 37.455446523640937 ], [ 127.011150525006201, 37.45538138994894 ], [ 127.010822971193349, 37.455422601169111 ], [ 127.01080733662306, 37.455484150098158 ], [ 127.010767592715368, 37.455623061261306 ], [ 127.010724753089931, 37.455772036882138 ], [ 127.010702949017329, 37.455847173439224 ], [ 127.010688105008242, 37.455905379555752 ], [ 127.010654180490505, 37.456037505646826 ], [ 127.010641751666782, 37.456067546133923 ], [ 127.010631288235132, 37.456087774517087 ], [ 127.010583941528921, 37.456168517270264 ], [ 127.010520451345698, 37.456218248622733 ], [ 127.010405382205022, 37.456308105609409 ], [ 127.010371221447429, 37.456359537571259 ], [ 127.01028819784969, 37.456482666170636 ], [ 127.01011695006116, 37.456624172665371 ], [ 127.010031473616934, 37.456751481922872 ], [ 127.009907218001715, 37.456874937572231 ], [ 127.009845591873272, 37.456926533505126 ], [ 127.009786699364142, 37.456964740273058 ], [ 127.009611547154407, 37.457077990766507 ], [ 127.00955145467637, 37.457100538023887 ], [ 127.009303206403672, 37.457188690994272 ], [ 127.009232332170143, 37.457220384003968 ], [ 127.009076249443012, 37.457370303372365 ], [ 127.008984860462604, 37.457510361460983 ], [ 127.008887170722247, 37.457600179809951 ], [ 127.008797470987645, 37.457683537376411 ], [ 127.008710460825881, 37.457764543085972 ], [ 127.008690514987137, 37.457796881380048 ], [ 127.008633208545845, 37.457887688162003 ], [ 127.008578569041987, 37.457975052915117 ], [ 127.008531286331419, 37.458051262759668 ], [ 127.008599097094447, 37.458122861604991 ], [ 127.008600606928866, 37.458192752493822 ], [ 127.008596780417292, 37.458246425606951 ], [ 127.008581496527356, 37.45833679734897 ], [ 127.008547707387265, 37.458396806313679 ], [ 127.008579411885592, 37.458404183655851 ], [ 127.008577050283279, 37.458411013416672 ], [ 127.008327179555451, 37.458491388739191 ], [ 127.008315043165126, 37.458645182018074 ], [ 127.008217377123671, 37.458772769932089 ], [ 127.008220284779938, 37.458804944662148 ], [ 127.008213744203303, 37.45909950163837 ], [ 127.008020258563747, 37.459162420624217 ], [ 127.007875672610865, 37.459544283462478 ], [ 127.007721953509588, 37.459664864131618 ], [ 127.00755707225818, 37.459854092742098 ], [ 127.007311758639304, 37.460037585686912 ], [ 127.007269086987179, 37.460140869972953 ], [ 127.007040559793566, 37.460215150717111 ], [ 127.006961031325361, 37.460351431407155 ], [ 127.006808942197452, 37.460549668410799 ], [ 127.006794600541355, 37.460574698968657 ], [ 127.006513407856332, 37.461109025099965 ], [ 127.006414889902516, 37.461268489056842 ], [ 127.00613916834206, 37.461712064811771 ], [ 127.006127278603216, 37.461730391712557 ], [ 127.006024041680192, 37.46182441553875 ], [ 127.006157083322378, 37.461887841119939 ], [ 127.006148358334286, 37.461904501039257 ], [ 127.00604310327428, 37.462087075698449 ], [ 127.00593860423588, 37.462256405461574 ], [ 127.005931913700522, 37.462272560725104 ], [ 127.005769084274903, 37.462547868660813 ], [ 127.00571318079848, 37.462588893399108 ], [ 127.005456911402021, 37.462757516221529 ], [ 127.005328790829026, 37.462794605773027 ], [ 127.004968460731931, 37.463186517782901 ], [ 127.004797365461641, 37.463517425563218 ], [ 127.00476466749565, 37.463579757954548 ], [ 127.004748039942257, 37.463835922978546 ], [ 127.004648211653233, 37.463920782261198 ], [ 127.004469385980443, 37.46407279531519 ], [ 127.004805032333849, 37.464880149378324 ], [ 127.004761843189044, 37.464922569852277 ], [ 127.004683293775429, 37.465171708660485 ], [ 127.004704275781563, 37.465230111188156 ], [ 127.004891523573505, 37.465802243620793 ], [ 127.004905168962352, 37.465842121671677 ], [ 127.004558635646362, 37.466243717625154 ], [ 127.004488566821095, 37.4663280443757 ], [ 127.004492377040492, 37.466349217874267 ], [ 127.004520948093699, 37.466790186521507 ], [ 127.00452426041177, 37.466797295358404 ], [ 127.0043804029455, 37.466977301499675 ], [ 127.004245270896931, 37.467142981297151 ], [ 127.004129229852197, 37.467286721070423 ], [ 127.003675004698565, 37.467719941900256 ], [ 127.002734546821685, 37.467124202584344 ], [ 127.001962398587253, 37.467087167755665 ], [ 127.001717047498843, 37.467208362462578 ], [ 127.001485622085823, 37.46732267299241 ], [ 127.001042881083421, 37.467209154572124 ], [ 127.000996286364384, 37.467197207064991 ], [ 127.000476556191416, 37.46706259365574 ], [ 127.000090967748889, 37.46710584683391 ], [ 126.999505412252489, 37.4671580064499 ], [ 126.998991149787173, 37.46721154324441 ], [ 126.998779166367171, 37.467233604111001 ], [ 126.998694839834158, 37.467211878924658 ], [ 126.998084966027804, 37.467054745734274 ], [ 126.997801567383604, 37.467022093795762 ], [ 126.997600216035508, 37.467141740614657 ], [ 126.997475880366451, 37.467213276138615 ], [ 126.997426446726507, 37.46724171913101 ], [ 126.997170685509346, 37.467213625713356 ], [ 126.996985201374684, 37.467179281490061 ], [ 126.996751601246089, 37.467072007789938 ], [ 126.996613239648994, 37.466925534934539 ], [ 126.996230636707068, 37.466607914550458 ], [ 126.996262417008111, 37.466533493038497 ], [ 126.996367265662045, 37.466286352253583 ], [ 126.996523938151142, 37.465917136523608 ], [ 126.996454865364925, 37.465684962849295 ], [ 126.996460415735683, 37.465681196889612 ], [ 126.996642919163421, 37.465427130398346 ], [ 126.996631781836797, 37.465129041715365 ], [ 126.996618907297218, 37.46477806399453 ], [ 126.996771979036424, 37.464617042754561 ], [ 126.996954294007267, 37.464428163390927 ], [ 126.997118871784451, 37.464258258232739 ], [ 126.997193286920805, 37.464183792968775 ], [ 126.997252797741695, 37.464019469954742 ], [ 126.997314693963503, 37.46384373126515 ], [ 126.997370462402756, 37.463687039556689 ], [ 126.997258917746748, 37.463535297434419 ], [ 126.997166531332226, 37.463407648769092 ], [ 126.996984607510186, 37.463158514193545 ], [ 126.996983217585125, 37.463152162058478 ], [ 126.996951139480146, 37.462954408351195 ], [ 126.996897614443654, 37.462651155166604 ], [ 126.996851604991377, 37.462371652720933 ], [ 126.996802318994199, 37.462075751828415 ], [ 126.996768230184358, 37.461872997378933 ], [ 126.996348572841384, 37.461797935094538 ], [ 126.995900964169493, 37.461717391885749 ], [ 126.995439420136847, 37.461632016879612 ], [ 126.99505897545211, 37.461561610217096 ], [ 126.994747953724371, 37.461504640305797 ], [ 126.994525106122552, 37.461464235291317 ], [ 126.994289543086552, 37.461421044974891 ], [ 126.993962158579436, 37.461447901476923 ], [ 126.993695019788746, 37.461468976623294 ], [ 126.993354059913088, 37.46149546112953 ], [ 126.993152550616003, 37.461275926238287 ], [ 126.992988420416708, 37.461066214650842 ], [ 126.992894856452068, 37.460947563546462 ], [ 126.992654897474978, 37.460343467071326 ], [ 126.992205657299237, 37.460487368073828 ], [ 126.992027572424874, 37.460545874180212 ], [ 126.991698197366716, 37.460518718021191 ], [ 126.991622681444497, 37.460441198271404 ], [ 126.991331650315615, 37.460135507624905 ], [ 126.990954308096789, 37.459946659903778 ], [ 126.990522334517323, 37.459726937470762 ], [ 126.989994240229976, 37.459462676449412 ], [ 126.989918998995051, 37.459308065628868 ], [ 126.98978004219434, 37.459024496593173 ], [ 126.989674000432657, 37.458808452010693 ], [ 126.989630982416173, 37.458737466505156 ], [ 126.989498730571128, 37.458522266061308 ], [ 126.989170389311056, 37.458385144276363 ], [ 126.988817218989993, 37.458239080938931 ], [ 126.988717266311255, 37.458196002106256 ], [ 126.988645481207897, 37.458144384729437 ], [ 126.988563270480128, 37.458317017365786 ], [ 126.98845662556927, 37.458540536016976 ], [ 126.988448112894275, 37.458550869605823 ], [ 126.988289831464158, 37.458740243290976 ], [ 126.988154135245708, 37.458911364949053 ], [ 126.987966086263938, 37.459134081019265 ], [ 126.987873152905493, 37.459271942129838 ], [ 126.987839696774444, 37.45933419771503 ], [ 126.98772996621841, 37.459538037363927 ], [ 126.987647857604045, 37.459750115334018 ], [ 126.987609937970589, 37.459865259319216 ], [ 126.987547267723727, 37.46014805036279 ], [ 126.987528751995114, 37.460338881020547 ], [ 126.987524661908111, 37.460573186864188 ], [ 126.98750352988192, 37.460670465858428 ], [ 126.987573577923612, 37.460772386803711 ], [ 126.987579249290135, 37.460908862677911 ], [ 126.987625928025793, 37.461106152190339 ], [ 126.987639096445676, 37.461165097471856 ], [ 126.98771955871311, 37.461432633232363 ], [ 126.987784456035385, 37.461644629187163 ], [ 126.987808527762724, 37.461727704617097 ], [ 126.987837826778659, 37.461844316041109 ], [ 126.987884520496294, 37.462028279562709 ], [ 126.987936579100406, 37.462236309510651 ], [ 126.987995246128648, 37.462467910465016 ], [ 126.98806582889685, 37.462752843198054 ], [ 126.98814483954024, 37.463065428657529 ], [ 126.988171826973314, 37.463156406132732 ], [ 126.988261999269042, 37.463444269189957 ], [ 126.98830230188598, 37.463666407337037 ], [ 126.98832984551629, 37.463875173134049 ], [ 126.988343953226874, 37.463998170815096 ], [ 126.98822051284742, 37.464227750921872 ], [ 126.988179413641149, 37.464735480231859 ], [ 126.988156952508831, 37.464931500177848 ], [ 126.988145253730025, 37.464992541890922 ], [ 126.988107122915622, 37.465203624834992 ], [ 126.988068692096491, 37.465384506065739 ], [ 126.98804360862961, 37.465514157705691 ], [ 126.987934632244105, 37.465938644306114 ], [ 126.987845021130838, 37.466159902549762 ], [ 126.987727472317417, 37.466410935643019 ], [ 126.987635724456595, 37.466566429180958 ], [ 126.987625467927643, 37.466587790780082 ], [ 126.987543477482845, 37.466729247746599 ], [ 126.98745275850068, 37.466879425332465 ], [ 126.987364254370732, 37.46703145917806 ], [ 126.987236629866715, 37.467227817623744 ], [ 126.98710533465956, 37.467227936837325 ], [ 126.987118594040695, 37.467346528581892 ], [ 126.987302187803664, 37.467611842374772 ], [ 126.987302741281326, 37.467614049900668 ], [ 126.987235233210839, 37.46767681469759 ], [ 126.987206380625892, 37.46770186812325 ], [ 126.987043970960826, 37.467845261119415 ], [ 126.986929769394123, 37.46794614148137 ], [ 126.986870393447035, 37.4679826518203 ], [ 126.986746219453025, 37.468092693974214 ], [ 126.986750332588656, 37.468100542230729 ], [ 126.986879102506677, 37.46801527824519 ], [ 126.986826337456762, 37.46806148418046 ], [ 126.986825275097431, 37.468060348783673 ], [ 126.986749852824403, 37.468125932456061 ], [ 126.986716500267946, 37.468154111680768 ], [ 126.986657750890217, 37.468221904839233 ], [ 126.986631451601255, 37.468252130204434 ], [ 126.986620273621625, 37.468243244899419 ], [ 126.986597137142539, 37.468228222248968 ], [ 126.98645866019227, 37.468350542969979 ], [ 126.986361653458729, 37.468437423366389 ], [ 126.986213400796458, 37.468544371418993 ], [ 126.986018544739494, 37.468686569454185 ], [ 126.985824377619593, 37.468828190613714 ], [ 126.985661097179843, 37.468949209646176 ], [ 126.985531960198088, 37.469045482504825 ], [ 126.98560536039696, 37.469036121972451 ], [ 126.985815353731226, 37.46900545286563 ], [ 126.985884232384279, 37.468995091445166 ], [ 126.986074613087141, 37.46896259925424 ], [ 126.985810040644523, 37.469060025947286 ], [ 126.985677748495632, 37.469108824665568 ], [ 126.985622421481139, 37.469128567236083 ], [ 126.985502313850233, 37.469182971637672 ], [ 126.985486395243697, 37.469193529241331 ], [ 126.985374388274877, 37.469267810749265 ], [ 126.985373134035072, 37.469265341828205 ], [ 126.985335600182637, 37.46928286121431 ], [ 126.985304979781091, 37.469322284933249 ], [ 126.985295754342701, 37.469327707708757 ], [ 126.985134347584108, 37.469452798795942 ], [ 126.984907617297296, 37.469659817755939 ], [ 126.984659495207623, 37.469929470984532 ], [ 126.984657934702966, 37.469931723270562 ], [ 126.984692034737023, 37.469853863411132 ], [ 126.984615387050624, 37.469822921025376 ], [ 126.984520198459762, 37.469800301196763 ], [ 126.984238112573749, 37.470184006667743 ], [ 126.984018319434043, 37.470484080537716 ], [ 126.983826084400604, 37.470738008721511 ], [ 126.983399222239569, 37.471323695296284 ], [ 126.983214818790984, 37.471570442653693 ], [ 126.982993422270681, 37.47201313408447 ], [ 126.982848458749245, 37.472301765639671 ], [ 126.982693414739174, 37.472617713809676 ], [ 126.982577288122712, 37.472858713563383 ], [ 126.982461906006876, 37.473103146134299 ], [ 126.98240626884467, 37.47321613193067 ], [ 126.982375808336229, 37.473281188423222 ], [ 126.982303259564446, 37.473435509440918 ], [ 126.982172389312879, 37.473718520128649 ], [ 126.982153256313168, 37.47378208274715 ], [ 126.982144916939987, 37.473811715364327 ], [ 126.982016803058343, 37.474358873300979 ], [ 126.981848589161316, 37.475074773170562 ], [ 126.981843813970741, 37.475091684195569 ], [ 126.981818354926219, 37.47530677631466 ], [ 126.981782483876472, 37.475607056476363 ], [ 126.981743836990233, 37.475929221498696 ], [ 126.981726628098883, 37.476109500210896 ], [ 126.981725902539935, 37.476117167620657 ], [ 126.981708005415641, 37.476291850983749 ], [ 126.98171032593801, 37.476323566659616 ], [ 126.981695460267915, 37.476534578940992 ], [ 126.981686023779545, 37.476735410796927 ], [ 126.98168499477454, 37.476779019140373 ], [ 126.981680996296731, 37.476936423585862 ], [ 126.981680604010919, 37.477137437145842 ], [ 126.981684846959411, 37.477338451476925 ], [ 126.981693385943458, 37.477539736822408 ], [ 126.981794989558054, 37.479385186402219 ], [ 126.98192788093975, 37.481797640855838 ], [ 126.982069558700289, 37.484369032234213 ], [ 126.982081521969434, 37.484539873043424 ], [ 126.982078220660412, 37.484539097639335 ], [ 126.982081184903421, 37.484575300355232 ], [ 126.98208872233117, 37.484721903498063 ], [ 126.982099773909582, 37.484920810331026 ], [ 126.982108837955479, 37.485066819054033 ], [ 126.982113541652808, 37.48515371237427 ], [ 126.98211520194144, 37.485204348909043 ], [ 126.982131564049126, 37.485505285955043 ], [ 126.982148997417482, 37.485817882111981 ], [ 126.98215853695956, 37.485962305125099 ], [ 126.982163286097091, 37.486048811007102 ], [ 126.98217570396335, 37.486344080061762 ], [ 126.982178919266616, 37.486415647091249 ], [ 126.982182715517368, 37.486514433452136 ], [ 126.982191844587547, 37.48671664657433 ], [ 126.982202869925715, 37.486887910619927 ], [ 126.982237255414759, 37.487235170960524 ], [ 126.982263173519641, 37.487665718398652 ], [ 126.982279138812984, 37.487931110756506 ], [ 126.982288476363379, 37.488071560261297 ], [ 126.982319044648648, 37.488537049185524 ], [ 126.98239349977456, 37.488901389846916 ], [ 126.982444338263377, 37.489074083824093 ], [ 126.982486955118603, 37.489252678003581 ], [ 126.98253135729432, 37.489392250119408 ], [ 126.982535668153204, 37.489425921199079 ], [ 126.982546328711891, 37.489524068889864 ], [ 126.982554106215417, 37.489576373213609 ], [ 126.982556000989049, 37.489595573836844 ], [ 126.982583120090652, 37.489802988480584 ], [ 126.982638590331973, 37.49008665930436 ], [ 126.982634953294067, 37.4903405696272 ], [ 126.982644003534119, 37.490548179561806 ], [ 126.982653437299604, 37.490849619714915 ], [ 126.982659907184697, 37.490976616729533 ], [ 126.982661489088244, 37.491026171993667 ], [ 126.982666675480473, 37.491221131243122 ], [ 126.982672608541279, 37.491414730094711 ], [ 126.982675462007435, 37.491489018011606 ], [ 126.982675853941529, 37.491549294982981 ], [ 126.982680219694274, 37.491635296140672 ], [ 126.982682258795563, 37.491665470959553 ], [ 126.982677713397891, 37.491709448050088 ], [ 126.982650407178056, 37.491882588880372 ], [ 126.982671698946248, 37.491974728545443 ], [ 126.982693013045164, 37.492068210698903 ], [ 126.982706818932328, 37.492116434420033 ], [ 126.982725587226881, 37.492216529500226 ], [ 126.982752948943784, 37.492318581110801 ], [ 126.982803067171133, 37.492671402632901 ], [ 126.982813818247095, 37.49304468860516 ], [ 126.98282124699017, 37.493228160387353 ], [ 126.982822031989457, 37.493254442677753 ], [ 126.982821302410045, 37.493278021728749 ], [ 126.982823620473965, 37.493323585658416 ], [ 126.98282515772604, 37.493326063651232 ], [ 126.982855446106086, 37.494211327760162 ], [ 126.982856264766809, 37.494238754320882 ], [ 126.982861866177757, 37.494450210824787 ], [ 126.982879322044013, 37.495011374175192 ], [ 126.982881941266342, 37.495119557608881 ], [ 126.982883589601897, 37.495175753212393 ], [ 126.982887278304446, 37.495348817789157 ], [ 126.98289243985883, 37.495601810259579 ], [ 126.982891222681474, 37.495767413774523 ], [ 126.982910939822219, 37.496514588672632 ], [ 126.982912590388793, 37.496561999518981 ], [ 126.982922342109717, 37.496683023286721 ], [ 126.982922707036792, 37.496716297249669 ], [ 126.982923680045459, 37.496805559406184 ], [ 126.982924307738074, 37.496828057457989 ], [ 126.982929660916611, 37.496993193452823 ], [ 126.982993878501759, 37.497096593206223 ], [ 126.983029814185258, 37.497152686039477 ], [ 126.983110690958995, 37.497249745297474 ], [ 126.983127501448294, 37.497270894367674 ], [ 126.983195621075595, 37.497373853124238 ], [ 126.983249559334013, 37.497433291385519 ], [ 126.98340672772936, 37.497607857149241 ], [ 126.983527233427921, 37.497740079170725 ], [ 126.9835643598269, 37.497785260916658 ], [ 126.983599339535019, 37.497822540562396 ], [ 126.983709940301907, 37.497951877692884 ], [ 126.983749283433653, 37.497996897533341 ], [ 126.984419280415182, 37.498748943197533 ], [ 126.984444458256377, 37.498777913957149 ], [ 126.984514181177857, 37.498856211816253 ], [ 126.984640184286391, 37.498999921202966 ], [ 126.984742649606858, 37.499114434745692 ], [ 126.984783655828977, 37.499161806076344 ], [ 126.984845544109618, 37.499232831563418 ], [ 126.984898930493657, 37.499294025923227 ], [ 126.98538713284232, 37.499858587414899 ], [ 126.985230239190869, 37.499990246871455 ], [ 126.984283260414202, 37.500713758707192 ], [ 126.983768332553666, 37.501031852140557 ], [ 126.983426125825744, 37.501247895751803 ], [ 126.983245811402554, 37.501352131564254 ], [ 126.982955534431341, 37.501517230349648 ], [ 126.982502990616439, 37.50178036709606 ], [ 126.982027169099069, 37.502044408267373 ], [ 126.981184988830847, 37.502408639125996 ], [ 126.981025566254175, 37.502477862322415 ], [ 126.98054100735699, 37.502690692219801 ], [ 126.980400850720514, 37.502854054301054 ], [ 126.980400058808087, 37.502854982187856 ], [ 126.980396008748414, 37.502859702695403 ], [ 126.9803268417608, 37.502977261587567 ], [ 126.980221837700242, 37.503205708858239 ], [ 126.980205974399553, 37.503272190664291 ], [ 126.980165653426084, 37.503441904435348 ], [ 126.980148525993712, 37.503697613659462 ], [ 126.979958870019132, 37.504001350756909 ], [ 126.979849322336065, 37.504172123933543 ], [ 126.979853641611285, 37.504371146210957 ], [ 126.980066669980431, 37.504363968087837 ], [ 126.980112444116529, 37.504427541809704 ], [ 126.98012988763594, 37.504452430537604 ], [ 126.980396890004542, 37.504589304149341 ], [ 126.980399208651164, 37.504950037170097 ], [ 126.980405213251373, 37.506318528004044 ], [ 126.980406321609024, 37.506318546222083 ], [ 126.980406686795135, 37.506547931326551 ], [ 126.98323569034423, 37.506545078308463 ], [ 126.98554758425999, 37.506542701449938 ], [ 126.985547594017305, 37.506549990523688 ], [ 126.98582319819711, 37.506901786009635 ], [ 126.986207464793793, 37.507395285863637 ], [ 126.987713960313712, 37.50933233691849 ], [ 126.988094803854551, 37.509816333519389 ], [ 126.988522412079277, 37.510351330450916 ], [ 126.989330467889246, 37.511366876425747 ], [ 126.990299331430691, 37.512584561728715 ], [ 126.990702283864323, 37.513089932409997 ], [ 126.995846616403838, 37.5163606386634 ], [ 126.997428260582694, 37.517357449128845 ], [ 126.997857631413979, 37.517630528117103 ], [ 126.998733643521575, 37.518189205626918 ], [ 126.999592418646472, 37.5187362534597 ], [ 127.000324753155013, 37.519205132395967 ], [ 127.000994271169333, 37.519631028992208 ], [ 127.001725774905225, 37.520137461680392 ], [ 127.00228324109834, 37.520525536258617 ], [ 127.002648926968774, 37.520781722430975 ], [ 127.003481019472204, 37.521361781511374 ], [ 127.003683068874381, 37.52150295497281 ], [ 127.004096219848691, 37.521789922758259 ], [ 127.004546547013504, 37.522104800976066 ], [ 127.004819586803322, 37.522294651416381 ], [ 127.005078600353855, 37.522475761987813 ], [ 127.00568051523905, 37.522895461985208 ], [ 127.005689667265116, 37.522901822689313 ], [ 127.006142149003878, 37.522901283262314 ], [ 127.006142756786772, 37.523217847938056 ], [ 127.006397455128081, 37.523394946328864 ], [ 127.006491205347118, 37.523460435762765 ], [ 127.006511851960411, 37.523482374125642 ], [ 127.007140655603749, 37.524126188014904 ], [ 127.007868667500446, 37.524870147800605 ], [ 127.008063137580507, 37.525069094901369 ], [ 127.0085783879845, 37.525594336270942 ], [ 127.009410732495098, 37.525046253399374 ], [ 127.009783717317717, 37.524799589509456 ], [ 127.010820569192063, 37.524115711183597 ], [ 127.010967857238413, 37.524019374099815 ], [ 127.011285971957662, 37.523815344892832 ], [ 127.011887379779878, 37.523430109159342 ], [ 127.012066744393294, 37.523314892022889 ], [ 127.012562768519075, 37.5229975792099 ], [ 127.012725084993988, 37.522893111532547 ], [ 127.013171806764802, 37.522589504946801 ], [ 127.013225673799639, 37.522721225141517 ], [ 127.013279759476973, 37.522803300443876 ], [ 127.013364279286037, 37.522909789645084 ], [ 127.013413948002537, 37.522957627504425 ], [ 127.013462480664543, 37.5229748316168 ], [ 127.013564078235547, 37.523054289084641 ], [ 127.013790700998484, 37.523276451190874 ], [ 127.014107392700666, 37.523622129732757 ], [ 127.014194284599597, 37.523695371349312 ], [ 127.014518907767524, 37.524093395729295 ], [ 127.01512651038496, 37.524759523053483 ], [ 127.015221214112699, 37.524853575984977 ], [ 127.015567876753835, 37.524484487683118 ], [ 127.016165395259904, 37.523848402632623 ], [ 127.016939564175743, 37.523024163742043 ], [ 127.017822115758094, 37.521811575708576 ], [ 127.018641168729602, 37.519070811092469 ], [ 127.019525262722766, 37.516111988506587 ], [ 127.020515066719355, 37.512798688703747 ], [ 127.021326281266056, 37.5111011672033 ], [ 127.024484531512911, 37.504477271645676 ], [ 127.027661325986429, 37.497826069957426 ], [ 127.031671577849764, 37.489428156689513 ], [ 127.034087103352931, 37.484368666134664 ], [ 127.034370574923486, 37.484408051507209 ], [ 127.034610061745497, 37.484441411818821 ], [ 127.035094237275132, 37.484508670107701 ], [ 127.035142858401471, 37.484515413789502 ], [ 127.035245754354051, 37.484529800480459 ], [ 127.035577622213211, 37.484575926639543 ], [ 127.035739768375961, 37.484598494915893 ], [ 127.035816544737301, 37.484609194567206 ], [ 127.035931878897898, 37.484625198851113 ], [ 127.036419901318823, 37.484693081285528 ], [ 127.036465243570262, 37.484699374890894 ], [ 127.036558754905485, 37.484712321611504 ], [ 127.036572097536109, 37.484714209756092 ], [ 127.036644464277799, 37.484724279476559 ], [ 127.036786710204623, 37.484744059126612 ], [ 127.036831374080919, 37.484750262693765 ], [ 127.037070863042899, 37.484783527914608 ], [ 127.037227921798262, 37.484805374877624 ], [ 127.037414718938905, 37.484831357205678 ], [ 127.037462209737484, 37.484837920075805 ], [ 127.037553459450564, 37.484849515195116 ], [ 127.037897092182774, 37.484902208555894 ], [ 127.037931692938471, 37.484907513803833 ], [ 127.037942434946544, 37.48490904219463 ], [ 127.038174914374352, 37.484941406336233 ], [ 127.038243210908647, 37.484950935739121 ], [ 127.038515379579934, 37.48498896317421 ], [ 127.038546474881869, 37.484993278238434 ], [ 127.038702290643357, 37.485014853329922 ], [ 127.038769230428343, 37.485024202655396 ], [ 127.039370558171228, 37.485107534338283 ], [ 127.039437498121885, 37.485116883284924 ], [ 127.039649060013119, 37.48514618783237 ], [ 127.039860735181648, 37.485175582064194 ], [ 127.040072297403043, 37.485204885853385 ], [ 127.040283972902401, 37.485234279326519 ], [ 127.040495648520448, 37.485263582320108 ], [ 127.040562588749978, 37.485272930628909 ], [ 127.040671366611491, 37.48528803144972 ], [ 127.040746448192706, 37.485298368057343 ], [ 127.040930081532039, 37.485323625074734 ], [ 127.041012060767486, 37.48533495031355 ], [ 127.041545095951903, 37.485408472821099 ], [ 127.041749987968103, 37.485436694663186 ], [ 127.04171287485498, 37.485385890836092 ], [ 127.041607872062755, 37.485241946542338 ], [ 127.041653045284079, 37.48514219038703 ], [ 127.041684214728633, 37.485073343311811 ], [ 127.041752877700219, 37.484921771563769 ], [ 127.041829106842997, 37.484753528669685 ], [ 127.041879700225309, 37.484641877354854 ], [ 127.041931874479602, 37.484526711570965 ], [ 127.041985064897105, 37.484409202810681 ], [ 127.041983187815788, 37.484408834043073 ], [ 127.042951044272755, 37.482271602698333 ], [ 127.043062968482644, 37.482258679075379 ], [ 127.043037514239771, 37.48223102727593 ], [ 127.043155746959854, 37.481973119027408 ], [ 127.04313646713419, 37.481866086833065 ], [ 127.043212491188697, 37.481746857519674 ], [ 127.043283544681117, 37.48163546862623 ], [ 127.043317772352239, 37.481581937026164 ], [ 127.043358212794629, 37.481518492197893 ], [ 127.043411982715057, 37.48143422949164 ], [ 127.043437056520602, 37.481388269514454 ], [ 127.043506856398707, 37.481260302494 ], [ 127.043511035399519, 37.481252732594768 ], [ 127.043546631821954, 37.481221274979745 ], [ 127.043862403111603, 37.480608841463116 ], [ 127.043888944611723, 37.480560177852325 ], [ 127.044004706393679, 37.479941598528512 ], [ 127.04422726415477, 37.479448760345953 ], [ 127.044343905402172, 37.479190490962594 ], [ 127.044651030425243, 37.478510302906301 ], [ 127.044836996357759, 37.478098296702903 ], [ 127.044856417166571, 37.478055401878528 ], [ 127.044879563944704, 37.478004126363196 ], [ 127.045098609974602, 37.477518946187104 ], [ 127.045125823722088, 37.477463074007346 ], [ 127.045156429801494, 37.477408461971173 ], [ 127.045190315099987, 37.477355020017534 ], [ 127.045227592824006, 37.477303018402516 ], [ 127.045267923858063, 37.477252547348655 ], [ 127.045311308250959, 37.477203696953147 ], [ 127.04535774610477, 37.477156647413054 ], [ 127.045403846213063, 37.477112120786224 ], [ 127.045551452954086, 37.477040436187707 ], [ 127.045609207126063, 37.477012393478887 ], [ 127.045641079253244, 37.476996884341638 ], [ 127.045770000567813, 37.476872497807996 ], [ 127.045923892021975, 37.476723954886481 ], [ 127.045974285107889, 37.47667528180969 ], [ 127.046009851354114, 37.476598322819967 ], [ 127.046069015501217, 37.476470538388327 ], [ 127.046552038503023, 37.476004537023528 ], [ 127.046740274657793, 37.475823003231703 ], [ 127.047517388706211, 37.475073339437273 ], [ 127.047589472674716, 37.475003844051912 ], [ 127.048489606763894, 37.474135373572501 ], [ 127.048532878724444, 37.47409373003601 ], [ 127.048718506749211, 37.47391471688173 ], [ 127.048979265674831, 37.473663142550741 ], [ 127.049166473280195, 37.473482596340858 ], [ 127.049209631440391, 37.473440952597983 ], [ 127.049800170336695, 37.472871098744498 ], [ 127.049843327793837, 37.472829454766341 ], [ 127.050900105841237, 37.471809983433985 ], [ 127.051181463745436, 37.47178860184524 ], [ 127.05061790708298, 37.471410235837389 ], [ 127.050221178237891, 37.471156227018867 ], [ 127.050013877018529, 37.471018008283558 ], [ 127.04980849710671, 37.470877896289167 ], [ 127.049605377583234, 37.470735800807255 ], [ 127.049404292477675, 37.470591902141521 ], [ 127.049128562892051, 37.4703910898183 ], [ 127.049060932187004, 37.470343183670636 ], [ 127.048669169433893, 37.470059344382591 ], [ 127.048859203640106, 37.469892672875275 ], [ 127.049236409400763, 37.469861436537101 ], [ 127.049522393812666, 37.469837804516267 ], [ 127.049513680036981, 37.469823031599859 ], [ 127.04989854563911, 37.469803340900334 ], [ 127.050263617280407, 37.46973157911652 ], [ 127.050291974849955, 37.469741370332592 ], [ 127.050318316575698, 37.469745495062824 ], [ 127.050424683029718, 37.469769273618887 ], [ 127.051014841871904, 37.469349403557644 ], [ 127.051063787467214, 37.468695786073887 ], [ 127.051074312511744, 37.46861149277477 ], [ 127.051029557541568, 37.468402965239207 ], [ 127.050956871357485, 37.468007004563844 ], [ 127.050889563809719, 37.46755517032696 ], [ 127.050743982319446, 37.467403808367557 ], [ 127.050727554992932, 37.46727900816434 ], [ 127.050824241327874, 37.467301907418673 ], [ 127.050843769934133, 37.467312098631766 ], [ 127.050859379150594, 37.46732696768796 ], [ 127.051269685025872, 37.467456179798333 ], [ 127.051341234251609, 37.467499920416422 ], [ 127.051930883812901, 37.467786694088325 ], [ 127.051945485627641, 37.467799094679314 ], [ 127.05234262288505, 37.467955996515094 ], [ 127.052984504335697, 37.468093797514655 ], [ 127.053106867613792, 37.468154940327388 ], [ 127.053210864118114, 37.468202801244772 ], [ 127.053313380963672, 37.46818663739954 ], [ 127.05357749531575, 37.468129947320378 ], [ 127.054193224702772, 37.468173715517437 ], [ 127.054869113521661, 37.468660611985307 ], [ 127.054880299775675, 37.468685591763489 ], [ 127.055024281118932, 37.468908146615505 ], [ 127.055391820457473, 37.46886975905489 ], [ 127.055659481434887, 37.468713871230548 ], [ 127.0560218702349, 37.468496121286229 ], [ 127.056491521425784, 37.468525339521939 ], [ 127.056696069067215, 37.46864763651417 ], [ 127.056743432928258, 37.468693042988455 ], [ 127.057203192631235, 37.469070266619951 ], [ 127.05782627008476, 37.468950669489146 ], [ 127.057850452283816, 37.468954045737007 ], [ 127.05867479436489, 37.468947721288423 ], [ 127.059065926081274, 37.469236654467878 ], [ 127.059078394681748, 37.469236693445239 ], [ 127.059454653516923, 37.469189369068943 ], [ 127.06002734241612, 37.469109321063229 ], [ 127.060329762081452, 37.469150049467338 ], [ 127.060790439844538, 37.468945588833684 ], [ 127.06088439806885, 37.468985681374342 ], [ 127.06100048666201, 37.469035799881311 ], [ 127.061437985187268, 37.469011504037162 ], [ 127.061609011912026, 37.468919487804321 ], [ 127.061731875454001, 37.468987883508923 ], [ 127.062129982504388, 37.469052741443875 ], [ 127.06236279012009, 37.469286738543339 ], [ 127.062596998796764, 37.469295825974086 ], [ 127.062927060445503, 37.46913042889841 ], [ 127.063222053814684, 37.469004810497388 ], [ 127.063799105852141, 37.468971855406942 ], [ 127.064134493342323, 37.469179161246494 ], [ 127.065074604850437, 37.469294122947822 ], [ 127.065596301945249, 37.469500143959117 ], [ 127.065878431910321, 37.469748217067441 ], [ 127.066219520453259, 37.469857277459667 ], [ 127.066442472302299, 37.470101687478639 ], [ 127.0671642874686, 37.470215274621644 ], [ 127.067836075272865, 37.47038426109971 ], [ 127.068547283651654, 37.470957249252173 ], [ 127.069563023392206, 37.470991492495756 ], [ 127.069908688539002, 37.470863242375998 ], [ 127.070422077021959, 37.470993895934122 ], [ 127.070731633253018, 37.471305993699751 ], [ 127.07131289257525, 37.471478581336541 ], [ 127.071740572165211, 37.471689405943074 ], [ 127.071933626468507, 37.471839983816722 ], [ 127.072688410002883, 37.471919522680814 ], [ 127.073170360224509, 37.472227023052781 ], [ 127.073838766612241, 37.472901683273207 ], [ 127.074226342972821, 37.472916546239468 ], [ 127.075313620338406, 37.47342807429991 ], [ 127.076274535238255, 37.474303488171877 ], [ 127.07646328700352, 37.474454223474083 ], [ 127.07668402462582, 37.474822575294077 ], [ 127.076873495769604, 37.475068401273113 ], [ 127.077872894662363, 37.47461710528205 ], [ 127.078503290023932, 37.474840973808661 ], [ 127.07887031859282, 37.474674418059756 ], [ 127.079103801239171, 37.47466290334642 ], [ 127.082031031597154, 37.475149892127106 ], [ 127.082745422068456, 37.475126319525778 ], [ 127.083182976651088, 37.4753664143959 ], [ 127.083947558907155, 37.475256132405519 ], [ 127.084516235167058, 37.475455018051235 ], [ 127.084876979844196, 37.475350274866905 ], [ 127.084508946929901, 37.474998178899483 ], [ 127.084451918061532, 37.474665397629728 ], [ 127.084508127910482, 37.47403250297603 ], [ 127.084129657429401, 37.47278673549085 ], [ 127.085029512173449, 37.471105849638107 ], [ 127.085255806519967, 37.471075965405568 ], [ 127.085877608265378, 37.47099298225352 ], [ 127.086569698948495, 37.47067965787862 ], [ 127.086753342741147, 37.47051304721208 ], [ 127.086985213144132, 37.470160290169183 ], [ 127.087181104729765, 37.469811919593795 ], [ 127.087573022475425, 37.469621928602848 ], [ 127.087579044015527, 37.469263757386592 ], [ 127.087808244838172, 37.469044015728898 ], [ 127.088125357868378, 37.468256820329245 ], [ 127.08846307340994, 37.467988694988591 ], [ 127.088929279171765, 37.467963303161604 ], [ 127.089035622513265, 37.468055919693469 ], [ 127.089450717191468, 37.467485195214891 ], [ 127.089652816494237, 37.46729852790429 ], [ 127.089658733354511, 37.467293072419416 ], [ 127.090140309354013, 37.466962602536761 ], [ 127.090441103370367, 37.466931859584399 ], [ 127.091175189393383, 37.465966663290573 ], [ 127.091593560025174, 37.465568101442599 ], [ 127.091924855414419, 37.465076476968527 ], [ 127.092013101557143, 37.464794196963993 ], [ 127.09201953999424, 37.464462154035523 ], [ 127.092026021139063, 37.464137454238532 ], [ 127.092032463577226, 37.46381819651787 ], [ 127.0920305319558, 37.463716096207861 ], [ 127.092096556250951, 37.462273988301369 ], [ 127.093343308450898, 37.461247710120205 ], [ 127.094144056691491, 37.461125674868519 ], [ 127.094673040432667, 37.460918379427945 ], [ 127.095697466116889, 37.460992639187474 ], [ 127.095784245330435, 37.460610354849521 ], [ 127.095657997793552, 37.46025466677402 ], [ 127.095311042432158, 37.460044792309965 ], [ 127.095104525286146, 37.459770446922697 ], [ 127.095203372638878, 37.459438663702109 ], [ 127.094931436222382, 37.458463649314844 ], [ 127.095350322839494, 37.457912271843249 ], [ 127.095464216614033, 37.457459056909556 ], [ 127.095213498317491, 37.456320835900229 ], [ 127.095038888655608, 37.456302188239619 ], [ 127.094311954513955, 37.456224905367449 ], [ 127.093773321658645, 37.456077354951283 ], [ 127.093540161629562, 37.455888055305266 ], [ 127.093457828590488, 37.455549413444466 ], [ 127.093341883591847, 37.455312304898769 ], [ 127.093142311344238, 37.454905358487132 ], [ 127.093199288014603, 37.454778110344677 ], [ 127.09321724992725, 37.454715719797427 ], [ 127.092814988700454, 37.453758974061259 ], [ 127.092725200972779, 37.453633515273864 ], [ 127.091881845430564, 37.453466350780651 ], [ 127.09112855489127, 37.452955567514735 ], [ 127.090958731404456, 37.452782270552163 ], [ 127.090302579457912, 37.451266462356756 ], [ 127.090140144168089, 37.451095357069775 ], [ 127.089619227628887, 37.450886424776606 ], [ 127.089542471276729, 37.450165812164393 ], [ 127.088820722929157, 37.449749244653155 ], [ 127.088959213226516, 37.449461541052827 ], [ 127.088431842018551, 37.448994316727287 ], [ 127.088326486585814, 37.448627441252171 ], [ 127.088359914850145, 37.448372828295931 ], [ 127.088414741990064, 37.448074726021531 ], [ 127.088642073073174, 37.447596520599845 ], [ 127.088545498637387, 37.447453376739631 ], [ 127.088369013617296, 37.447240022031004 ], [ 127.088276616151617, 37.446553991264487 ], [ 127.088386177261896, 37.446397315807111 ], [ 127.08823748841057, 37.446178201016288 ], [ 127.088161084464048, 37.445384857377121 ], [ 127.087868786159405, 37.444916466538132 ], [ 127.087854724956543, 37.444893933613201 ], [ 127.087476445904102, 37.444801720945058 ], [ 127.087303590584867, 37.444641584395015 ], [ 127.086420985808772, 37.44426212280726 ], [ 127.085702765176819, 37.44441666370907 ], [ 127.085259743865265, 37.444318327142057 ], [ 127.083861540711609, 37.44392130757273 ], [ 127.083804790550445, 37.443416188353481 ], [ 127.083471089706237, 37.443062459460876 ], [ 127.083334456044398, 37.442957019122289 ], [ 127.083207662078706, 37.4425679617149 ], [ 127.082974428218037, 37.442320246511699 ], [ 127.082904287585492, 37.442173809028169 ], [ 127.082431504325015, 37.441579486647001 ], [ 127.082097048062252, 37.441350678986161 ], [ 127.081443846415823, 37.441230991128805 ], [ 127.081249909253572, 37.441118613279485 ], [ 127.080700424317826, 37.441151049520137 ], [ 127.080171411597888, 37.441051129575833 ], [ 127.079960608769568, 37.441212099533921 ], [ 127.079575086367939, 37.44138641141506 ], [ 127.079082991907825, 37.441298634831504 ], [ 127.078530369291812, 37.441557441215544 ], [ 127.078178637388831, 37.441551588059546 ], [ 127.07786068639389, 37.44177307230634 ], [ 127.077748059233102, 37.441863119614922 ], [ 127.077601657069636, 37.441708961441527 ], [ 127.07735819711273, 37.441631090643078 ], [ 127.077077760402915, 37.44165094825307 ], [ 127.07693574885684, 37.441715109601432 ], [ 127.076721054949147, 37.441937488927749 ], [ 127.076670890586598, 37.441945683962373 ], [ 127.076439990570734, 37.441997818683994 ], [ 127.076010329769758, 37.442138872681241 ], [ 127.075242663605025, 37.441941681941266 ], [ 127.074755683675576, 37.442218945400896 ], [ 127.074497443200968, 37.44223291757406 ], [ 127.073852669945595, 37.442212725895033 ], [ 127.072993072408821, 37.44201727066379 ], [ 127.07275866017666, 37.442050740451521 ], [ 127.072607581385711, 37.442114820971454 ], [ 127.072249480563713, 37.442199937749045 ], [ 127.072138097387636, 37.442262777546418 ], [ 127.07191472693188, 37.441925141069447 ], [ 127.07170220146422, 37.441703042932602 ], [ 127.071625611420004, 37.441523472508536 ], [ 127.071861094104307, 37.441029228984121 ], [ 127.072077280097403, 37.440120848210604 ], [ 127.072211370139499, 37.439382446142162 ], [ 127.072007413623453, 37.438856442322432 ], [ 127.072489795361847, 37.438592284439849 ], [ 127.072965867223203, 37.438207879842551 ], [ 127.07355491089136, 37.437910378834026 ], [ 127.073702182603199, 37.437821530669908 ], [ 127.073759801562815, 37.437789149273662 ], [ 127.073794973918027, 37.437656787681142 ], [ 127.073843140862351, 37.437407350118441 ], [ 127.073559686695603, 37.436963263037981 ], [ 127.073203170785007, 37.436669255496184 ], [ 127.07302395071774, 37.436406566919068 ], [ 127.072778981405563, 37.436298665920518 ], [ 127.072093279263882, 37.436160502209233 ], [ 127.071964469328876, 37.436053710427544 ], [ 127.071688484909032, 37.435980613580703 ], [ 127.071439125854212, 37.435863089630942 ], [ 127.071271823740091, 37.435600976963265 ], [ 127.071274109369483, 37.435348747265969 ], [ 127.071445351880712, 37.435037392650756 ], [ 127.071457813440588, 37.43484166817165 ], [ 127.071469033262645, 37.434756525219939 ], [ 127.071484435759885, 37.434637177498963 ], [ 127.071545711124941, 37.434528812933472 ], [ 127.071502255862342, 37.434444657421224 ], [ 127.071519013699117, 37.434373386715237 ], [ 127.071519441186965, 37.43411658994647 ], [ 127.071370647140924, 37.433899706031681 ], [ 127.071118784784701, 37.433401362421812 ], [ 127.071003989111247, 37.433340864137641 ], [ 127.070909574639714, 37.433094538701582 ], [ 127.070791969220338, 37.432988270601065 ], [ 127.070730470967149, 37.432940282845863 ], [ 127.070570790076218, 37.432416484528993 ], [ 127.070628703768477, 37.432044081641003 ], [ 127.070895671142111, 37.431790390292477 ], [ 127.07095968081731, 37.431695899915418 ], [ 127.071206327984257, 37.430817315796219 ], [ 127.071219830806825, 37.430660162797651 ], [ 127.071201990958599, 37.430575244174115 ], [ 127.071179473152412, 37.430502023405012 ], [ 127.071122548950726, 37.430450158796816 ], [ 127.071104905715416, 37.430418796037586 ], [ 127.070952353919211, 37.430234359017128 ], [ 127.070952175769804, 37.430212734895896 ], [ 127.07090480436176, 37.430191102444802 ], [ 127.070889266473927, 37.430212726779992 ], [ 127.070873699965887, 37.430203338385866 ], [ 127.070884351430848, 37.430187960915426 ], [ 127.070883197394267, 37.430186222644409 ], [ 127.070706085768265, 37.430273742372343 ], [ 127.070563540137854, 37.4303417167757 ], [ 127.070334613772971, 37.430479092016768 ], [ 127.070235586272076, 37.430605984712813 ], [ 127.07011238412062, 37.430762408419461 ], [ 127.070032130152143, 37.430909959197564 ], [ 127.07001449476904, 37.430924034172953 ], [ 127.069873341221225, 37.430971806302125 ], [ 127.069819467684624, 37.430969170454823 ], [ 127.069901418199251, 37.430885149008112 ], [ 127.069911024320973, 37.430862978621498 ], [ 127.069764574239599, 37.430739156459595 ], [ 127.069705775228584, 37.430687220172601 ], [ 127.069615002531052, 37.430611200278847 ], [ 127.069424253859324, 37.430564061077639 ], [ 127.069334233172, 37.430544659963594 ], [ 127.069118127915687, 37.430481280602656 ], [ 127.069012935130928, 37.430450940654964 ], [ 127.068963770037769, 37.430431930388252 ], [ 127.06890890643291, 37.430433502404284 ], [ 127.068750319344289, 37.430455649416885 ], [ 127.068371804071603, 37.430663123277398 ], [ 127.068269974062787, 37.430678948487142 ], [ 127.067829602969482, 37.430406181487761 ], [ 127.066719725641931, 37.430129963730479 ], [ 127.066700076427722, 37.430128370769971 ], [ 127.066585546950918, 37.430052253517474 ], [ 127.066576982001919, 37.429972987418942 ], [ 127.066117643762354, 37.429651930332774 ], [ 127.066093558974828, 37.429642437841594 ], [ 127.066091387763123, 37.42962702275468 ], [ 127.06596102627806, 37.429532451851891 ], [ 127.065697773442807, 37.42915797331198 ], [ 127.06568126598934, 37.428984970407242 ], [ 127.065392495298838, 37.429010949729907 ], [ 127.065073312338583, 37.42898660529417 ], [ 127.064668732931011, 37.429171466020243 ], [ 127.064385325024801, 37.429113033437382 ], [ 127.064040631019054, 37.429320106073902 ], [ 127.063655649412894, 37.42953189314256 ], [ 127.063461651444342, 37.429592182396142 ], [ 127.063315943997324, 37.429751097628568 ], [ 127.063096185263433, 37.429728876283164 ], [ 127.062926382970588, 37.429714710643616 ], [ 127.062880400639301, 37.429702958327155 ], [ 127.061144744167891, 37.429985015581408 ] ] ] ] } }
]
}
